Model,Uniprot_id,RMSE,Cliff_RMSE,PCC,Cliff_PCC,R-squared,Cliff_R-squared
SVM,CHEMBL264,0.5827770641651758,0.6676323871688628,0.8391563677549183,0.7616006299391191,0.7031853880168002,0.5731790110746062
SVM,CHEMBL1862,0.6679767861214647,0.6343320733921178,0.8881494823191626,0.865703607416359,0.7804236234566038,0.7421039402852405
SVM,CHEMBL231,0.709150044329753,0.9245205419048691,0.8364910905111308,0.6950221988773893,0.693824566609011,0.3972759428038076
SVM,CHEMBL287,0.7783364931845737,0.7724965788019019,0.7232025872947658,0.7145661469821725,0.5205172408018697,0.5084147405277228
SVM,CHEMBL219,0.7397169793820368,0.7821889834787296,0.7512166030463491,0.7365172681977462,0.5627086894434756,0.537937500868958
SVM,CHEMBL236,0.6921466679904716,0.836264524696934,0.8575907285504695,0.7506652754517993,0.7312917353590889,0.5502042097358397
SVM,CHEMBL234,0.6367799479368018,0.6821122006668936,0.841013902710449,0.8126837564627926,0.7071753552720097,0.660390555107619
SVM,CHEMBL244,0.7151566021294805,0.7966014256631954,0.8967948713427887,0.8568462925163292,0.8037296932814492,0.7309015114944826
SVM,CHEMBL233,0.7396045980404592,0.7874744339146489,0.8264905042239606,0.7782964765837834,0.6819140382142009,0.6005860289212772
SVM,CHEMBL262,0.718612122673835,0.6550802474195976,0.7457760424958346,0.7892064080048089,0.5523731569643261,0.596265957901084
SVM,CHEMBL204,0.7050868918166457,0.7774267827062331,0.8904608920690034,0.8713532410319964,0.791719479794783,0.7581887802156051
SVM,CHEMBL1871,0.6684537846158748,0.7353718442814813,0.7534526887166805,0.7570266395488167,0.5669353410503546,0.5722162771942746
SVM,CHEMBL4203,0.8797941038022103,1.0014326106993603,0.5974103940904699,0.45174418765083174,0.3270080980495602,0.06456010196019246
SVM,CHEMBL4792,0.6333949977520947,0.6381410448509256,0.8449320777588628,0.843495936418444,0.7113205864006671,0.7090265456302189
SVM,CHEMBL2835,0.41979938666385597,0.7426767649130639,0.9035176255533041,0.7051466867827955,0.8152295853559381,0.36596021783014665
SVM,CHEMBL2971,0.6063383357574715,0.7696528608580495,0.9031458112541414,0.7012698253758086,0.8151824856529769,0.4359834100936866
SVM,CHEMBL238,0.6317914237883897,0.743794883171688,0.8346744959580907,0.6970273499444647,0.6890776655971487,0.477646477731715
SVM,CHEMBL228,0.6620740313985612,0.6759252478432691,0.8339931329178008,0.8119238163702425,0.6949503956520237,0.6509553636242604
SVM,CHEMBL214,0.6344605054405658,0.7238246855290386,0.8299221626440606,0.7754021556452582,0.688702483139086,0.5998197287068348
SVM,CHEMBL4005,0.6461518402973557,0.741545956647757,0.8090697927563226,0.7427704605554686,0.6419539984880519,0.5358107759777184
SVM,CHEMBL2147,0.5762093766701493,0.5795718616123704,0.9572876407165256,0.9256864059393574,0.9154678164658915,0.856282391186766
SVM,CHEMBL2034,0.6943668989760785,0.8274369040612697,0.7495186584102846,0.6313542836379952,0.5566398901087948,0.3453413382889966
SVM,CHEMBL237,0.7043644943978234,0.7461941938932155,0.852712027941819,0.8297615400599411,0.7270501872082078,0.6876831013588878
RF,CHEMBL264,0.6261831050927087,0.6964740419595081,0.8118393222611473,0.7340674039998744,0.6573244912344007,0.5355052130421749
RF,CHEMBL1862,0.6763931189722332,0.6776326045847993,0.8853671375944797,0.8525797331847663,0.7748555550932065,0.7056934328353258
RF,CHEMBL231,0.7692324997255393,0.862594625899829,0.8046031751387108,0.7314186305457842,0.6397455767027307,0.47531470569375245
RF,CHEMBL287,0.8006439657583839,0.8040704069595728,0.7049100571502679,0.6869051219106419,0.49263900210627476,0.4674089308872158
RF,CHEMBL219,0.7725396315266784,0.8179594608023761,0.7246782206330643,0.7037651840946879,0.5230408237402482,0.4947097796618407
RF,CHEMBL236,0.7321622871752266,0.9117236642016014,0.8366026377606758,0.691207824581674,0.6993235116730134,0.4653685618489345
RF,CHEMBL234,0.6490296124661471,0.6910849266559095,0.83697300925671,0.8088430819730484,0.695800923431254,0.6513971239162849
RF,CHEMBL244,0.7427673802670186,0.8279161213733622,0.8885953233291743,0.8442055048490639,0.7882819222773778,0.7093289506594784
RF,CHEMBL233,0.7579168681200745,0.7933214796164281,0.8171424316643362,0.7730978733297371,0.6659677158581324,0.5946326624246925
RF,CHEMBL262,0.6988464327695434,0.7310256187440556,0.7607777025092763,0.7307374454084075,0.5766587878965437,0.4972274537041309
RF,CHEMBL204,0.7913188615118447,0.894736228887794,0.860633157074559,0.825934050591814,0.7376588566244078,0.6797069633514337
RF,CHEMBL1871,0.6894707058505593,0.7194626220291306,0.7355486970713748,0.7692199434980977,0.539275181023173,0.5905256214538348
RF,CHEMBL4203,0.8913048363363982,1.0667275124169655,0.5700564797962269,0.33103519259239206,0.3092828006723166,-0.06140082923078838
RF,CHEMBL4792,0.7064985559082084,0.7215867124717184,0.8061894873774751,0.7950802777936795,0.6408390488627046,0.6279536343245035
RF,CHEMBL2835,0.39264683087251884,0.7807946009864158,0.9170149039291545,0.631112999130841,0.8383584422908205,0.2992058990816653
RF,CHEMBL2971,0.6485491415696854,0.7612354963728118,0.8888219472375458,0.6786079919432378,0.788554304752714,0.44825276575248596
RF,CHEMBL238,0.6136065631098209,0.7207290153818146,0.8518083156949606,0.7149956815893935,0.7067186414130815,0.509541610639843
RF,CHEMBL228,0.7128866133043265,0.7756505151956212,0.8063613591132547,0.7369275749732513,0.6463299551818249,0.5403621320937433
RF,CHEMBL214,0.702222739309892,0.8021114329988792,0.7879297651132059,0.7137119416452776,0.6186565880085348,0.5085737998545636
RF,CHEMBL4005,0.6497080151881944,0.7342871062519389,0.8083211587796637,0.750365572004258,0.6380020542852128,0.5448540146517014
RF,CHEMBL2147,0.6615221344530833,0.6737688309872372,0.943376891564149,0.8980594434265847,0.8885833220646224,0.8057695881354126
RF,CHEMBL2034,0.7213171469580869,0.9171081576541017,0.7278825560600178,0.5532341550291979,0.521556003347794,0.19575891045265204
RF,CHEMBL237,0.7301585294929643,0.7610102347142783,0.8413332151786633,0.8222261585813864,0.7066931440061074,0.6751575722711607
GBM,CHEMBL264,0.6100973947995955,0.6787002696659009,0.8214135034088221,0.749655719442113,0.6747040055811374,0.5589101964757466
GBM,CHEMBL1862,0.6965197742166258,0.6886176401245451,0.8750402304253927,0.8389989915014471,0.7612574790566727,0.6960741413730733
GBM,CHEMBL231,0.7255097542764494,0.8938266337033597,0.8288794452603455,0.7042329374217342,0.6795350150149577,0.43663225456186405
GBM,CHEMBL287,0.8129396751351842,0.8298052111008808,0.6930974747741516,0.6638456472162455,0.4769359785943401,0.4327715072259677
GBM,CHEMBL219,0.772636382208157,0.8107450921059689,0.7232286659646042,0.7103557604793567,0.5229213502192469,0.503583750082276
GBM,CHEMBL236,0.6990470857340483,0.8341851892885482,0.8526768788710808,0.7501653703390199,0.7259072058493043,0.5524382242699806
GBM,CHEMBL234,0.6541225834412694,0.6938910513555806,0.8322319465966089,0.806082482663527,0.6910080583020788,0.6485603982910283
GBM,CHEMBL244,0.7508181349471401,0.82638851311649,0.8854670299081695,0.8435941737252521,0.7836674824944955,0.7104006095796891
GBM,CHEMBL233,0.7644074496884906,0.8162568433859827,0.8141627113511486,0.7565971141756132,0.6602221065045875,0.5708550593283694
GBM,CHEMBL262,0.7534951374461596,0.6620562110927736,0.7133613586379123,0.7744506393832377,0.507860808312784,0.5876214287591872
GBM,CHEMBL204,0.7645083095032913,0.8578390191493175,0.870601363066987,0.8413378459449584,0.7551343916017235,0.7055788232109531
GBM,CHEMBL1871,0.712652437812245,0.7247811631912622,0.7143134086573738,0.7663619986740589,0.5077728994730463,0.5844492643052905
GBM,CHEMBL4203,0.9304012425417734,1.0743076613746987,0.5287006257237878,0.3908510690382138,0.24735824628526815,-0.07653901994061374
GBM,CHEMBL4792,0.682288866529298,0.6947806849334978,0.8195243525931876,0.8120185696986404,0.6650321503901434,0.6550822974443894
GBM,CHEMBL2835,0.43172591764362594,0.8490937180655747,0.8969895932923962,0.5843234791379418,0.8045817694771792,0.17124132045203755
GBM,CHEMBL2971,0.599805020376084,0.7210831701536061,0.9054333110202062,0.7223644581603439,0.8191438576068164,0.5049229195351438
GBM,CHEMBL238,0.6399244288877108,0.745837788206919,0.8319699487222292,0.6942202334122461,0.6810211807098194,0.47477314763066025
GBM,CHEMBL228,0.6750866334874529,0.7081860033949933,0.8276804471879217,0.790217478289082,0.6828414842765401,0.6168416370465029
GBM,CHEMBL214,0.678355257565558,0.7534045874947196,0.8040805043349233,0.7537336853434794,0.6441386176919381,0.5664437869345513
GBM,CHEMBL4005,0.643859152435091,0.7323302148686905,0.8085165686088425,0.7489599635343476,0.6444903415771746,0.5472767302896928
GBM,CHEMBL2147,0.621862293934845,0.6370660243350353,0.9509952618449504,0.9100903849747259,0.9015422529546444,0.8263541987005687
GBM,CHEMBL2034,0.6993664406113862,0.8617596067994874,0.7447324961011406,0.594403366448575,0.5502323921648313,0.28990343460525303
GBM,CHEMBL237,0.7602000055317615,0.7879997504189151,0.8266934580286869,0.8076980031976921,0.6820611304354598,0.6517076686871972
KNN,CHEMBL264,0.7038446882338124,0.7748282277622229,0.7585986646744638,0.6639138007640346,0.5670536830967328,0.4251138534842732
KNN,CHEMBL1862,0.8327624779389283,0.7020729685216902,0.8331941337539928,0.8289496110204879,0.6587244526833349,0.6840809106512195
KNN,CHEMBL231,0.7678153907285372,1.0231745014514873,0.8042880500938528,0.6281349931329194,0.6410717025106949,0.2617816896009777
KNN,CHEMBL287,0.8530978122492282,0.9069540275444757,0.6649036629772757,0.5822135241474532,0.42398225104455356,0.32239551823506507
KNN,CHEMBL219,0.8299702327987779,0.8799263961675207,0.6793199416173863,0.6468101747265116,0.44949064252419924,0.415250277124092
KNN,CHEMBL236,0.7422617309882186,0.9517342791518895,0.8358437265568418,0.6730320601907284,0.6909712399755521,0.41741478029340173
KNN,CHEMBL234,0.6882956037509765,0.7545481687310556,0.8132486151999104,0.7672462821845097,0.6578796889968743,0.5844320332179065
KNN,CHEMBL244,0.7674579206178052,0.8733818908192725,0.8818316931611615,0.8285087075630265,0.7739724165474163,0.6765274253305693
KNN,CHEMBL233,0.7777354995828961,0.8425392958612576,0.8071010083803377,0.7445335902321852,0.6482702178043704,0.5427742752691802
KNN,CHEMBL262,0.821133250001381,0.8836966804951969,0.6503747954104262,0.5810811875428047,0.4155406372938043,0.2652953165237837
KNN,CHEMBL204,0.8154981495373653,0.952692515548612,0.8505917357889072,0.7981757995155896,0.7213818964250394,0.6368693072672111
KNN,CHEMBL1871,0.69768009213975,0.6955968655032388,0.7337088462613784,0.785702526210231,0.5282383513958538,0.6172409280957241
KNN,CHEMBL4203,0.9718390529802291,1.0739999617287972,0.5516066402800824,0.3956822278012355,0.178823640226896,-0.07592243076549843
KNN,CHEMBL4792,0.695494995876299,0.7244305482794169,0.811803330241431,0.7920134335983853,0.6519396318868522,0.6250153216593894
KNN,CHEMBL2835,0.43624638234577945,0.8583724316255579,0.8959700055249351,0.5325696791745445,0.8004680205511385,0.15302935974046206
KNN,CHEMBL2971,0.6673085808420608,0.9103729016564698,0.8905344562276514,0.49632792892415817,0.7761451598235104,0.2108841868971576
KNN,CHEMBL238,0.6810232802992121,0.8400901752991341,0.8061892963068428,0.5953174985947879,0.6387329244071593,0.33363839389619077
KNN,CHEMBL228,0.7174744442904902,0.8105975762122793,0.8014677292222191,0.706527015903612,0.6417631714389199,0.4980109631710363
KNN,CHEMBL214,0.7297749227733583,0.8742709561895529,0.7679290398463297,0.6557934134072794,0.5881450007198572,0.416177274760704
KNN,CHEMBL4005,0.6556522145233249,0.7539961301729381,0.8037502776917608,0.7338525407685883,0.6313478918431352,0.5200929326477595
KNN,CHEMBL2147,0.6617500513040883,0.6821204406758351,0.9439478323998617,0.8988747822146965,0.8885065351770354,0.8009246324148256
KNN,CHEMBL2034,0.7084184182105497,0.9085455363683239,0.7485302614354229,0.5771341463438197,0.5385142609286131,0.21070646962329564
KNN,CHEMBL237,0.7394994696954388,0.8233359114009602,0.8366290529878226,0.7877422278999755,0.6991405739289519,0.6197704467617837
MLP,CHEMBL264,0.606630610824191,0.6765841528015348,0.8244359859109541,0.75328169518016,0.6783903903193002,0.5616564527992121
MLP,CHEMBL1862,0.7428616849875705,0.7104917523267001,0.8593040332883829,0.8268531134587344,0.7284318758773582,0.6764589083199326
MLP,CHEMBL231,0.7117303964188375,0.882558569243303,0.8340277180323973,0.7155491778228747,0.6915923795912758,0.45074696150638005
MLP,CHEMBL287,0.7852638803382895,0.7883760729458749,0.7202215662344491,0.7095715386689677,0.511944228742909,0.48799689766346976
MLP,CHEMBL219,0.7879412470060225,0.8107900187129986,0.7144901958884587,0.7165337188472467,0.5038336086298245,0.5035287317641145
MLP,CHEMBL236,0.7231148279143537,0.8429207651725108,0.8459152897130106,0.7484515824527975,0.7067086238299464,0.5430154219494465
MLP,CHEMBL234,0.6527888306395949,0.6948510932380277,0.8322868121018778,0.8052610873319829,0.6922668398337413,0.6475872479933631
MLP,CHEMBL244,0.7608162555677122,0.8048545717014857,0.8826333706142624,0.8533470959059747,0.7778676235382385,0.7252966660676361
MLP,CHEMBL233,0.759654086314437,0.8237790860919314,0.8160452570757954,0.7549428320731548,0.6644346928508522,0.5629090141392636
MLP,CHEMBL262,0.7775146075280134,0.7569043694270873,0.6948490059293932,0.7037304237078004,0.4759844705217071,0.4610004709424037
MLP,CHEMBL204,0.7695612926403347,0.8303546808325798,0.8692207500858931,0.852186910718765,0.7518868383186734,0.7241425433480362
MLP,CHEMBL1871,0.6928452290163017,0.7714817424253612,0.7391973693191627,0.7319546787157944,0.5347542310735258,0.5291727770078605
MLP,CHEMBL4203,0.9446305323748259,1.0063507875557958,0.4955580973596192,0.3739386819351567,0.22416083077750748,0.0553493851326019
MLP,CHEMBL4792,0.6587239310152688,0.6616536373208952,0.8299982844375113,0.8290556999912264,0.6877708557410895,0.6871894294784027
MLP,CHEMBL2835,0.44353410556741196,0.7608835893901773,0.9045484932665665,0.6735120265100256,0.7937457648198483,0.33449201756719915
MLP,CHEMBL2971,0.6526796539330976,0.7809876442918045,0.887078021772806,0.6653920999250573,0.7858523961000974,0.4192483817054301
MLP,CHEMBL238,0.6795439179646797,0.7922680007301356,0.8045792338134261,0.6424142411074474,0.6403007545888216,0.4073444093851937
MLP,CHEMBL228,0.7146258880480536,0.7108384311564018,0.807883280683639,0.80033285518556,0.6446021074423003,0.6139661125652603
MLP,CHEMBL214,0.6754155317398276,0.7652994705139076,0.8080784921799962,0.7481288522878002,0.6472162620825131,0.5526455937101664
MLP,CHEMBL4005,0.6784018730610276,0.7855870275841198,0.7835302650738365,0.7013158598502693,0.6053212594939699,0.47903623385554694
MLP,CHEMBL2147,0.7199850454824719,0.673040652015162,0.936579576134278,0.9002836261739612,0.8680199171474094,0.8061891922106978
MLP,CHEMBL2034,0.703804915320933,0.8509885154907162,0.7412352985073838,0.6060223703172035,0.5445054465724999,0.30754342533180057
MLP,CHEMBL237,0.7519716558643641,0.7735219340675625,0.8300572388724353,0.8153510647112299,0.6889065760247455,0.6643883572183393
GCN,CHEMBL264,0.7839356657346074,0.8051933162727081,0.6904947392999329,0.6305768607939222,0.46291722834515203,0.3791719976033523
GCN,CHEMBL1862,0.8287094687912436,0.7834024729391179,0.8184752125117475,0.7968420717958653,0.6620383074494014,0.6066481100704013
GCN,CHEMBL231,0.8817356789288692,0.8633019517373732,0.7377714911612594,0.7161695768170734,0.5266625118923676,0.47445387115030035
GCN,CHEMBL287,0.9161909871485665,0.9265710449103124,0.5982300088036383,0.5637636088446286,0.33562965406769707,0.29276593437501364
GCN,CHEMBL219,1.025401175650369,1.0263849086884396,0.4667564152869001,0.491101970072723,0.15971367755323085,0.20439436860844362
GCN,CHEMBL236,0.9832264653766947,1.1342381918633344,0.6930352147039177,0.5138067737270199,0.45775959121490106,0.1725598850339194
GCN,CHEMBL234,0.9666775142174198,1.001418099506834,0.5761726254190279,0.5215608481591324,0.32517354446136415,0.26802036619857184
GCN,CHEMBL244,1.128551129592809,1.1501393393441595,0.7362955171387849,0.657233895538343,0.5360723908370784,0.42871175457610333
GCN,CHEMBL233,1.0088157978235373,1.0573862743827303,0.6435100777036855,0.5670972928060283,0.4082080587179371,0.279858791068044
GCN,CHEMBL262,0.851086118244818,0.8927728612982563,0.6131549491380246,0.561442896984029,0.37212374751773114,0.2501259562654873
GCN,CHEMBL204,1.0829633111183221,1.1818631822236285,0.7523886645179567,0.7113347257742831,0.5086501141150965,0.44115437085695974
GCN,CHEMBL1871,0.7034989324630576,0.8250401509369426,0.7219135441786774,0.6841289976525972,0.5203362965822466,0.4615313436188955
GCN,CHEMBL4203,1.0187050245333023,1.248070209274223,0.5902039538960405,0.3035224084940885,0.09771312359949902,-0.4529493127954498
GCN,CHEMBL4792,0.9199741624201553,0.9516701317323103,0.5326827582877504,0.4571740790105427,0.25394113629149573,0.15793102798177705
GCN,CHEMBL2835,0.5826780296500293,0.6823635280278215,0.8249370426346375,0.7745644272052109,0.6226785283316039,0.580336373448328
GCN,CHEMBL2971,0.9273981914723479,1.0708810468953978,0.7946420762886599,0.2908512019832274,0.5676399488657202,-0.09190427633078002
GCN,CHEMBL238,0.8574157961389975,0.9252469222460712,0.6552014040686093,0.5321920065194841,0.42735242283023833,0.19169837286191727
GCN,CHEMBL228,1.0046999393477085,1.0371103036417917,0.5691833188499293,0.49814745171366337,0.3152132355214097,0.18275854194901753
GCN,CHEMBL214,1.0243125403955116,1.0103760578331415,0.5305439522252803,0.5280659676648499,0.2334091386235051,0.2154187709265396
GCN,CHEMBL4005,0.8057494592553279,0.83630054812646,0.6035302954662471,0.4899620468826193,0.35232507017252856,0.2244244543367777
GCN,CHEMBL2147,0.8468927464716465,0.9298188113226807,0.8932061399886376,0.7822158180364152,0.7939873623393536,0.5993579628600851
GCN,CHEMBL2034,1.0023052233477798,1.131300465187119,0.5288903422648461,0.36758033016884667,0.07619866754091598,-0.22377358936116565
GCN,CHEMBL237,1.1308193754298808,1.1244145575822273,0.5787192285084065,0.5637636800276332,0.296483364920049,0.29083928075906595
GAT,CHEMBL264,0.8321077586822853,0.8600859369004848,0.6359158872404705,0.5820147691884932,0.3948827723261672,0.29163895766267456
GAT,CHEMBL1862,0.8173178161772718,0.7584916147129772,0.826651072884495,0.8053834441663054,0.6712658623322345,0.63126621384646
GAT,CHEMBL231,0.9125035198455975,0.9396061752072108,0.7111789691961423,0.6397608611053786,0.49305228576461435,0.3774458670340163
GAT,CHEMBL287,0.9922184936590345,0.9844809396707221,0.513603450374152,0.48898402951373426,0.22079300224936138,0.201600333456729
GAT,CHEMBL219,1.0509517219808957,1.027209719950471,0.38227426628465866,0.4640242027331756,0.1173161011482895,0.2031151445025211
GAT,CHEMBL236,1.0070395302366657,1.1776489279355637,0.6698873508309698,0.4509459833862884,0.4311761513762171,0.1080105438781388
GAT,CHEMBL234,0.9319688608708201,0.9744803007902103,0.6124994318492062,0.5567360396459264,0.37276299770379673,0.3068707074350411
GAT,CHEMBL244,1.1581685425389192,1.1787788498834693,0.7222867676966823,0.6365811681306707,0.5114024681832816,0.39990633563376576
GAT,CHEMBL233,1.007984293126516,1.0243529932016096,0.6459896499004109,0.5932195384706432,0.4091832119326301,0.3241511055251881
GAT,CHEMBL262,0.9541920406523305,0.906675251929326,0.47399976036638386,0.5000427414628487,0.21077901798498444,0.2265898196283187
GAT,CHEMBL204,1.1367992284692485,1.2619202293021747,0.6907060075911486,0.6271816473701054,0.45858421639760816,0.3628799738103101
GAT,CHEMBL1871,0.7136206662211969,0.850057762731822,0.7123419451026262,0.6584091381079508,0.5064344854305838,0.4283803685285821
GAT,CHEMBL4203,0.9779174771805498,1.2115712080172434,0.49569836244381377,0.05976789707172939,0.1685193250701107,-0.3692108068158575
GAT,CHEMBL4792,0.9453514024886811,0.9479073810979859,0.46872663035171813,0.4122130985518923,0.2122137805492057,0.16457667460292535
GAT,CHEMBL2835,0.595956383093948,1.1815298563334151,0.8119626139970884,0.7077084933870159,0.6052854050453504,-0.2582273411825107
GAT,CHEMBL2971,0.8735767480227219,1.1099162065194428,0.7942308685058715,0.36719888806317774,0.6163676677437706,-0.172958071314689
GAT,CHEMBL238,0.8751465717494255,0.9858115566091866,0.6534305761341649,0.5133441730508722,0.4034236141223061,0.08241571945226833
GAT,CHEMBL228,0.9588508366526525,0.9145459997201829,0.6149735151518922,0.6130053703096634,0.37628712551892096,0.3645057858182884
GAT,CHEMBL214,1.100734392734749,1.1010725890254192,0.4259259019508637,0.38769745639089087,0.11475449356981038,0.06824072889747823
GAT,CHEMBL4005,0.7606988981370619,0.8596923842316808,0.6653150096556247,0.4987488928452343,0.4227251785216939,0.18043103738970456
GAT,CHEMBL2147,1.0240421274776272,1.022562427645403,0.843625886647761,0.7442477770890855,0.698787713680344,0.5154489695064198
GAT,CHEMBL2034,0.8303959314380936,0.9880784994468957,0.6201973892032384,0.40522383720692645,0.365912747401518,0.06647050685635081
GAT,CHEMBL237,1.0990859737703462,1.0495584566284963,0.6019139976252643,0.6310489935176578,0.3354139514614827,0.3821187494276864
MPNN,CHEMBL264,0.8019542058486575,0.8602781202155473,0.7370849050898318,0.6284914644067585,0.437944097019739,0.291322360501833
MPNN,CHEMBL1862,0.8262154973199567,0.7894878813638895,0.8335542849275921,0.8045179531965401,0.664069413796191,0.6005133222676975
MPNN,CHEMBL231,0.8834546649161489,0.864423008818866,0.7501924690239092,0.7366737410837647,0.524815124599635,0.4730880691957827
MPNN,CHEMBL287,0.8888015573047215,0.916291897936919,0.6148359988222211,0.5596664991808652,0.3747584616532015,0.3083706491584688
MPNN,CHEMBL219,0.9436373547135946,0.9549313122291342,0.5528159756941232,0.569422210116904,0.2883770899127551,0.311313450498516
MPNN,CHEMBL236,1.0206225307274295,1.1599557827865616,0.7118086411906926,0.5693553394844911,0.41572801656337144,0.13461192299972835
MPNN,CHEMBL234,0.8336507135317358,0.8624711406160738,0.7528141322775722,0.7282835226978391,0.49812320110032016,0.4570532116778486
MPNN,CHEMBL244,1.0078998194591213,1.0913831562730991,0.81448548665894,0.7438531838034877,0.6299652810681139,0.48559063623058185
MPNN,CHEMBL233,0.9403946299201471,0.9960992670529056,0.7267065543587291,0.6524567178920528,0.4857603273676838,0.360919498679417
MPNN,CHEMBL262,0.8280721008716172,0.861664460724526,0.6418784055200003,0.5793803153928622,0.4056211475544641,0.30147376338484744
MPNN,CHEMBL204,1.0058974295852208,1.1255259909632402,0.7758556648647925,0.7287463784197339,0.5760928236885181,0.4931627708236215
MPNN,CHEMBL1871,0.7277539074665694,0.8036573468564234,0.7027099778277228,0.7039040546801181,0.4866907828758369,0.4890809466980368
MPNN,CHEMBL4203,0.9683421703960347,1.390275781205979,0.5337030455589122,-0.01538426982761903,0.18472254101050722,-0.8029112334009312
MPNN,CHEMBL4792,0.8688702027711482,0.8642122200839325,0.5898556396976374,0.5568204992184339,0.33452515888160805,0.3055905973417934
MPNN,CHEMBL2835,0.45027926173995575,0.8380038751573744,0.8869886429983792,0.8492631222663467,0.7746704629417254,0.3670611243687075
MPNN,CHEMBL2971,0.8282631487989637,1.088572481701126,0.8116637133761043,0.3048266892735969,0.6551345013535235,-0.1282797804863125
MPNN,CHEMBL238,0.8175461945476122,0.869659751846981,0.6931188070954947,0.5800558659405559,0.4793701436154916,0.28590351182975104
MPNN,CHEMBL228,0.9284712522164079,0.9404692911206214,0.6819630985801501,0.5840583268506887,0.4151836195260622,0.32796834477640446
MPNN,CHEMBL214,0.7911421131243928,0.8675500753247901,0.7541824773579825,0.673364049875467,0.5426931947812696,0.42155652805392585
MPNN,CHEMBL4005,0.6993924766450091,0.7578085328310027,0.7256611816166588,0.6064118288481117,0.5120234481511683,0.36317760703927404
MPNN,CHEMBL2147,0.9250427702994221,0.9578150609432381,0.8796033352440776,0.7774443782009866,0.7542120073637169,0.5748686004651178
MPNN,CHEMBL2034,0.8130520154543894,0.9548717784555004,0.6294305031275734,0.4217598403780142,0.3921236339933064,0.12816307149124728
MPNN,CHEMBL237,0.9268578513398922,0.9632820734213463,0.7264322870353863,0.694271702462093,0.5273777588852111,0.4795263962699835
AFP,CHEMBL264,0.7083470544644598,0.7976430732102503,0.7966164218295735,0.6966928067014748,0.5614970098325833,0.3907603342105559
AFP,CHEMBL1862,0.8738339263031476,0.8492780692420498,0.8001014637774322,0.760795024318801,0.6242312342385923,0.5377135288915691
AFP,CHEMBL231,0.8693745734104134,0.8423854139469938,0.7457457966548232,0.7135612286316488,0.539840978393164,0.49961178514239457
AFP,CHEMBL287,0.8561002233283862,0.8414154554617636,0.6585603387939304,0.6599837137718436,0.4199206173971922,0.41678767617775947
AFP,CHEMBL219,0.9576311219653697,0.9672268134924139,0.5558335450212413,0.5814343400458317,0.2671144215083828,0.293464500066858
AFP,CHEMBL236,1.0436562526088948,1.1964780392407846,0.7024945197993459,0.5586259467991963,0.3890583720608476,0.07925895813313855
AFP,CHEMBL234,0.8546566878259892,0.8705918625793874,0.7421802431809301,0.7232182443122606,0.47251239660447764,0.4467806887983454
AFP,CHEMBL244,0.9366718375123418,1.0023542975843558,0.8415339409334908,0.7812410258658367,0.6804177392043731,0.5660927714487928
AFP,CHEMBL233,0.8751643865065097,0.9275773740113623,0.7758782081191254,0.7318647105454636,0.554626297120974,0.44582029236156906
AFP,CHEMBL262,0.8585640144891191,0.8838994212466078,0.60599077609228,0.5543627154738884,0.3610418603768434,0.26495816086909174
AFP,CHEMBL204,0.9262864900563553,0.9798773728460517,0.8225935892788514,0.8081653277577078,0.6405371346742843,0.6158499361834899
AFP,CHEMBL1871,0.7266350658288386,0.7223161970395925,0.7034048882913468,0.7722593402414293,0.48826788263081533,0.5872710171499336
AFP,CHEMBL4203,1.0594394086974228,1.3608974262745281,0.3550541833775236,0.09427758183495114,0.024111968993247856,-0.7275205227997334
AFP,CHEMBL4792,0.914539960346944,0.9168804673721299,0.5357207120074815,0.4915605943725166,0.2627289061985777,0.21837178404327018
AFP,CHEMBL2835,0.5416531806520947,0.9528003628011676,0.844096211590655,0.815642882763552,0.6739405218429511,0.18177349226041828
AFP,CHEMBL2971,0.8687783997675705,1.1006799895367085,0.7943789113598948,0.29458937671842533,0.6205704947875608,-0.15351765111551208
AFP,CHEMBL238,0.8117101041189217,0.9522277671679523,0.7507713865824807,0.6478315255746007,0.48677669240973476,0.14386975934746915
AFP,CHEMBL228,0.9820456773059992,1.0757075087936447,0.6945235609242023,0.642096034255337,0.34574660892135745,0.12079754457885472
AFP,CHEMBL214,1.133846196672914,1.132063700117354,0.25122201462030586,0.14105358290248185,0.060694309253295775,0.015051438502565517
AFP,CHEMBL4005,0.7989184722155674,0.8993922330846129,0.6154276103444886,0.4091668691776786,0.36326024362526077,0.10298932841660968
AFP,CHEMBL2147,0.8679741312540383,0.9440580902954958,0.8863075949689884,0.7781618509746357,0.7836033168139334,0.5869931110556461
AFP,CHEMBL2034,0.8330950581048319,1.0275172933387304,0.6456724147682228,0.4159286640865408,0.36178396194909535,-0.009539752263902912
AFP,CHEMBL237,0.8115852771469276,0.8281444825985533,0.803338267269889,0.7886461785199284,0.6376266850983918,0.6153161286931501
CNN,CHEMBL264,0.8256811894031886,0.8777106197295269,0.6661387018043956,0.5672371641564248,0.40419361113733365,0.2623103654180581
CNN,CHEMBL1862,0.9625435760311061,0.8871283426773547,0.7639566650147651,0.7549709283590348,0.5440642212388984,0.49558931910283743
CNN,CHEMBL231,0.9332132662651128,1.0440263794929092,0.7090371681310921,0.5892044485095785,0.469780274648091,0.2313859123317411
CNN,CHEMBL287,0.9600916466250857,0.9449244388019405,0.5666428620532962,0.5551559987911375,0.27043567144612946,0.26447085666083336
CNN,CHEMBL219,1.015682289988007,0.9486625751708649,0.4489761873441742,0.5702505799236521,0.17556687650588354,0.3203256684912933
CNN,CHEMBL236,1.019977345525655,1.0850594714936854,0.6717501530389401,0.5587994834270968,0.416466476626016,0.24275725139886917
CNN,CHEMBL234,0.8774141590587292,0.8575375548770765,0.6857002369117081,0.6889033378227577,0.4440469159665138,0.4632470725677088
CNN,CHEMBL244,1.1314396215561402,1.126406478621013,0.7368018844688385,0.6916829542372878,0.5336945347606227,0.45204530670570076
CNN,CHEMBL233,0.9763975521347422,0.9830997877421231,0.6723237883874583,0.6357778560118078,0.44563135122076747,0.37749114890500346
CNN,CHEMBL262,0.9424294727231958,0.9338976505685037,0.5225513184876861,0.5143760690039073,0.23011694249553172,0.1794502325027647
CNN,CHEMBL204,1.0694715343943957,1.088949387967183,0.7310779653918775,0.7290852747827503,0.5208165264629863,0.5255692370585787
CNN,CHEMBL1871,0.7609624387376835,0.7291352411933558,0.6663958237867923,0.7647477663937268,0.4387757714518057,0.5794414766882257
CNN,CHEMBL4203,1.0211694095032946,1.2822167498169144,0.3713151811190715,0.1417157711941929,0.09334233571491934,-0.5335407532310443
CNN,CHEMBL4792,0.9056120299340963,0.9528630200350602,0.5464648365651044,0.44561328104967435,0.27705343303296304,0.1558186914817039
CNN,CHEMBL2835,0.5038851194664493,0.9025016880910628,0.8538312008542972,0.8059441986736704,0.7178258015994035,0.26588218524304874
CNN,CHEMBL2971,0.8076628276915631,1.0537624624733481,0.8202341044265897,0.36619274631696097,0.6720759564400223,-0.05727399479618178
CNN,CHEMBL238,0.8882659400530382,0.8950734934657919,0.6373396171622062,0.5799838918805115,0.38540292854162306,0.2435581515494668
CNN,CHEMBL228,0.9279368803102451,1.0002614092300042,0.6595555458410816,0.5314144928862901,0.41585659569516664,0.23980060524297864
CNN,CHEMBL214,0.9204181692165406,0.9244562276078413,0.6291650230543403,0.6033583584522966,0.38103082063366833,0.34318278746355435
CNN,CHEMBL4005,0.7623634789771563,0.8035379481382757,0.6708197155741391,0.6234466384587278,0.42019599919668804,0.28400147499646766
CNN,CHEMBL2147,0.9881930092904108,0.9624653242751217,0.8623059334567591,0.7771890749191229,0.7195079279309601,0.5707304902710979
CNN,CHEMBL2034,0.9424970908740635,1.0050094940743977,0.5211061896018855,0.42060844582296913,0.1831569206866268,0.03420384114367747
CNN,CHEMBL237,1.0088848408952036,1.0143794386502178,0.6667752230144958,0.6585861653233156,0.4400218492733994,0.42284478060875985
LSTM,CHEMBL264,0.6681212787521028,0.7764248617778989,0.7957915599902166,0.6792791804507238,0.6098864978253764,0.4227421575341873
LSTM,CHEMBL1862,0.7380425913779286,0.8227261792011838,0.8717152149246576,0.789189320410883,0.7319438816728944,0.5661675849216494
LSTM,CHEMBL231,0.7085687941297771,0.8945350622315102,0.8556282969100043,0.7608673169194841,0.6943262703022585,0.4357388733866937
LSTM,CHEMBL287,0.8020115558703966,0.8761134367890147,0.7223188857439307,0.6542631833931518,0.49090426229486694,0.36769530797983907
LSTM,CHEMBL219,0.8454837471900467,0.8713098547758485,0.691574139013434,0.6955000395196804,0.42871844858141683,0.42664634559738834
LSTM,CHEMBL236,0.7627993115924764,0.9615194728688937,0.8330075004905793,0.6926134046570789,0.6736336728889686,0.4053735728020095
LSTM,CHEMBL234,0.6945261024132537,0.7354851788366986,0.8138975732505769,0.7836421253007886,0.6516578629888523,0.6051646982224144
LSTM,CHEMBL244,0.7577189648183961,0.9117688605382792,0.8907746413310025,0.8083979658297417,0.7908662842058585,0.640975667704859
LSTM,CHEMBL233,0.7849641120473809,0.8273792770837425,0.8131920076477002,0.7584659964969215,0.6417015735153002,0.5590801972620102
LSTM,CHEMBL262,0.780268468106399,0.8020270745316062,0.7421758346401514,0.6819052153179936,0.4722659004132398,0.39482020535024165
LSTM,CHEMBL204,0.8770019507685515,1.0495102234224842,0.8586630078703315,0.7906425937249755,0.6777710984589778,0.5593124327179348
LSTM,CHEMBL1871,0.7361161016136875,0.6785299293314342,0.7166073827188084,0.7985691816175005,0.47482673937188613,0.6357930091357906
LSTM,CHEMBL4203,0.9424083326883752,1.4089124327158131,0.5531655810678596,0.14359204717895693,0.2278067888586207,-0.8515712682001348
LSTM,CHEMBL4792,0.7630493076843335,0.8818677302075012,0.7469504181694843,0.6135007976885568,0.4867522677420768,0.27692775977743755
LSTM,CHEMBL2835,0.5067893131789599,0.8992240787928467,0.8535910860448024,0.7081201070609489,0.7145637479911477,0.2712046842598569
LSTM,CHEMBL2971,0.7049363553182579,1.0358255064206012,0.8713539143748682,0.5701864593164759,0.7501882349898632,-0.021586874436819725
LSTM,CHEMBL238,0.685549086746459,0.7622797848139669,0.8159243379763952,0.6940128427121229,0.6339152984442353,0.45136064120667996
LSTM,CHEMBL228,0.841713169275318,1.025012242878342,0.7766428492552111,0.6501743841210311,0.5193700279626128,0.20171384464971254
LSTM,CHEMBL214,0.7498508550993556,0.8608144774406848,0.7971640939573765,0.7135818912084382,0.5891829682509819,0.43050364930845597
LSTM,CHEMBL4005,0.7404330776031265,0.9363034325693489,0.7462370319495142,0.5485601218937524,0.45307387971337565,0.027851578555214807
LSTM,CHEMBL2147,0.7144181263786226,0.8213975435106233,0.9332163561838746,0.8370396727792186,0.8533973008696869,0.6873440784444627
LSTM,CHEMBL2034,0.7228574608956053,0.9046271381125238,0.7409977154995488,0.6148146641582021,0.5195104653704676,0.21749995875179584
LSTM,CHEMBL237,0.7643107679498375,0.8317382569195682,0.8301960183098538,0.7905688472682616,0.6786133407655043,0.6119701747205254
Transformer,CHEMBL264,0.7412160735135955,0.7928497894597706,0.7278579208823691,0.6437882938993178,0.51985763014107,0.39806055236514837
Transformer,CHEMBL1862,0.8807818714210196,0.8863284276593355,0.8100745064977993,0.7424737943535733,0.6182319244444702,0.49649855342652305
Transformer,CHEMBL231,0.899854584892351,1.0732074486292302,0.7483726930904689,0.6169729774087943,0.5070092847207734,0.1878191366296741
Transformer,CHEMBL287,0.8647349301493789,0.943836926674596,0.6476305118094237,0.5464685071483644,0.408160136662556,0.26616292119110785
Transformer,CHEMBL219,0.8857030205295142,0.9321321834468886,0.6271318089621974,0.6058369350236466,0.37307451596035357,0.343805873468488
Transformer,CHEMBL236,0.9260160663837247,1.0236388672510757,0.7298949698142537,0.6040882335458554,0.5190257759668371,0.3260594721057334
Transformer,CHEMBL234,0.8514584535512314,0.9148478528090548,0.6986734594098764,0.6356475383562455,0.4764528616309929,0.3891059842832194
Transformer,CHEMBL244,0.9622530608458348,0.9722922095430973,0.8168427165233257,0.7748248846775366,0.6627232985912941,0.5917295159637977
Transformer,CHEMBL233,0.9545996065700081,0.9823497170654387,0.7023765938875199,0.6543270202273754,0.47010746684828153,0.378440691397142
Transformer,CHEMBL262,0.871576704154633,0.9638912140382778,0.6058429527853919,0.4938842107350019,0.3415265463743603,0.1258974153918988
Transformer,CHEMBL204,0.9680316652612035,0.980110477648124,0.7849577829951468,0.7871712950158111,0.6074070472607989,0.6156671421352764
Transformer,CHEMBL1871,0.7394448494633837,0.8253601648486332,0.6886761237055659,0.6811443155454563,0.47006628920447746,0.4611135436370982
Transformer,CHEMBL4203,0.9588121110104342,1.5338483109988563,0.5226763147530117,0.0003641311239810454,0.20069088337206087,-1.0
Transformer,CHEMBL4792,0.8209516376519064,0.8814823494337246,0.655129458848726,0.5543669755867636,0.4059035176426563,0.27755959433122335
Transformer,CHEMBL2835,0.5141757265094246,0.9478734026001221,0.847932944926943,0.7306428756398854,0.706182692597373,0.19021376249521582
Transformer,CHEMBL2971,0.7476682426968785,1.0295074832320081,0.8487678318815686,0.4350889285561662,0.7189840704046232,-0.009162532365238452
Transformer,CHEMBL238,0.8011512453528823,0.9761220295754776,0.7131600771113872,0.5156182240258658,0.5000420353680686,0.10036491691850569
Transformer,CHEMBL228,0.9168272980578556,0.9901783303593992,0.6898660805089595,0.6236820926473398,0.42976000125554126,0.2550496517929133
Transformer,CHEMBL214,0.9012569016338632,0.9370536472809807,0.6469979797175787,0.5952552091321817,0.4065339696882977,0.32516013273638966
Transformer,CHEMBL4005,0.7431261856253629,0.8014574621844393,0.7056087034134256,0.6067819085935282,0.4490880777709869,0.28770434040886583
Transformer,CHEMBL2147,0.8861018432320353,0.85960524928467,0.8864816223177785,0.8200210525166309,0.7744700019777174,0.657580903661509
Transformer,CHEMBL2034,0.7700965428410427,0.8566170780393381,0.6870466329431528,0.6273647014524315,0.4546580024982282,0.2983531142867485
Transformer,CHEMBL237,0.8892676062182466,0.9183431831888856,0.7530778221021702,0.7277624272939859,0.5649363154084768,0.5269557524635715
KANO,CHEMBL264,0.6003668215385405,0.6449509092990474,0.8358922480448863,0.779868816300749,0.6906567926574594,0.5888163845558134
KANO,CHEMBL1862,0.873980794187153,0.7709180705340865,0.8157705883098567,0.7955869609987989,0.6506009877710408,0.6164814398904856
KANO,CHEMBL231,0.7259125158378295,0.7576052728605224,0.8371414331445804,0.8150927577097831,0.6933305253733136,0.6209705262186102
KANO,CHEMBL287,0.7523035972028125,0.7593006849372127,0.7237524803950667,0.7418950371245222,0.48454178656187474,0.5376571387862727
KANO,CHEMBL219,0.7161294053293425,0.7280523278981756,0.7624508275291744,0.7454803902848745,0.5557935664528271,0.5378148547906128
KANO,CHEMBL236,0.7592478122004468,0.8262389220806038,0.8324934186851917,0.7750279870520468,0.6787885758812041,0.5813074396581801
KANO,CHEMBL234,0.6980031171960823,0.7119002928868725,0.8076920459802108,0.7609866235456448,0.62209156473272,0.5336705062273281
KANO,CHEMBL244,0.7483040937779907,0.8106365016202494,0.893036200517182,0.8595308453987937,0.7851137936159236,0.7213356510795682
KANO,CHEMBL233,0.8349048401333854,0.8928982331126825,0.7786641295963997,0.7395917104448447,0.5905355851726348,0.5306122196651673
KANO,CHEMBL262,0.7360085069888009,0.8306477173304615,0.7498875215132441,0.6919657167659863,0.5495758230598118,0.47515743956302525
KANO,CHEMBL204,0.7661992884087705,0.8713952863050648,0.8708888113059431,0.8434777680837396,0.7491735374823418,0.7051515498211218
KANO,CHEMBL1871,0.6651577722594632,0.7795866239741308,0.7912377480708597,0.8474682502129007,0.6238560886402607,0.658163996007036
KANO,CHEMBL4203,1.019199230619943,1.2108689587450983,0.48762447876485876,0.28386447587416114,0.0968374553356125,-0.367624026564624
KANO,CHEMBL4792,0.6436593490907937,0.680692056903293,0.8404523530299267,0.8208645886696601,0.7018885070708301,0.6689288195385867
KANO,CHEMBL2835,0.4819277718370957,0.8619803862232193,0.8705451952727251,0.5645425136155803,0.7564922758279127,0.14589433602324164
KANO,CHEMBL2971,0.6512313236813648,0.8262430820437532,0.8873191160408702,0.7888436497913363,0.7816028803672067,0.5689037443816777
KANO,CHEMBL238,0.6248711061016755,0.7035388116265453,0.8481635533278269,0.7580038371851086,0.712109721670668,0.5661498089272099
KANO,CHEMBL228,0.7094828172856432,0.7141872261252876,0.8160057983644777,0.7967755193897361,0.6496992056257154,0.6103202955021545
KANO,CHEMBL214,0.6874418902612507,0.8027429734170366,0.8046928958003636,0.7269440810978639,0.6345411723971842,0.5077996488476728
KANO,CHEMBL4005,0.5872586788443217,0.7245109113704183,0.8401961596040247,0.7473268978801635,0.7042474182558615,0.556892834805657
KANO,CHEMBL2147,0.6150470251998065,0.6574493811299604,0.9506524925315226,0.9034928565512593,0.9036885127567928,0.8150646045937202
KANO,CHEMBL2034,0.728621000054923,0.8607306891152715,0.7308271001225513,0.5477469906562493,0.47383788171084573,0.1405178370157647
KANO,CHEMBL237,0.7564989973832467,0.8767793095182757,0.8378895325724485,0.7945410465627952,0.6838015048976133,0.6060018532728199
ECFP-ESM-RF,CHEMBL264,0.6390371174733178,0.7227947267675197,0.8090558841061017,0.7153548030700516,0.6495231108032526,0.4835688465319893
ECFP-ESM-RF,CHEMBL1862,0.7644289741695413,0.7268628153707869,0.8563366058290609,0.8119103854892382,0.7327041756963357,0.6590624480386083
ECFP-ESM-RF,CHEMBL231,0.7850461059176774,0.9734694903384148,0.8037700085301475,0.6732997509922412,0.6413322669561802,0.37420556787723414
ECFP-ESM-RF,CHEMBL287,0.7560726634290801,0.8674377767567989,0.6944228170520644,0.6391491312425287,0.4793639224988896,0.39658898137691545
ECFP-ESM-RF,CHEMBL219,0.7104663240901932,0.7669553984814411,0.7582273698009505,0.699950113184455,0.5627912700317312,0.48710199386548236
ECFP-ESM-RF,CHEMBL236,0.6890284378305122,0.7808870634429148,0.8589118745464979,0.7944704658884212,0.7354558404722646,0.6260096459347522
ECFP-ESM-RF,CHEMBL234,0.6496757488745972,0.6725833310203503,0.8206862471926587,0.7654060772752908,0.6726101785851655,0.583757194277285
ECFP-ESM-RF,CHEMBL244,0.7465606587551908,0.8267208030284277,0.8876278196088848,0.8445127744831785,0.7861139316985375,0.7101676675636928
ECFP-ESM-RF,CHEMBL233,0.780253271438039,0.846663863971841,0.8030827763218156,0.7612079053245463,0.6423869129773695,0.5779636088410927
ECFP-ESM-RF,CHEMBL262,0.7140874141710043,0.7745624039613063,0.7654046049320599,0.7486671736526829,0.5760069059947016,0.5436394235611179
ECFP-ESM-RF,CHEMBL204,0.7711241183024101,0.9156918562546031,0.8691412069570077,0.8237239348312488,0.7459387456449196,0.6744129369531291
ECFP-ESM-RF,CHEMBL1871,0.7146996773599592,1.0358629298339395,0.7602686143340096,0.6887292390233728,0.565737960019864,0.3964772747379225
ECFP-ESM-RF,CHEMBL4203,0.8386092044096339,1.129598483843753,0.6403717804947554,0.23149197836361052,0.38854148972733027,-0.1902018790180171
ECFP-ESM-RF,CHEMBL4792,0.6859306341610847,0.6940252779063276,0.8235074683391796,0.8164989247771424,0.6614467755748141,0.6558319199293767
ECFP-ESM-RF,CHEMBL2835,0.38816488425800155,0.7340768328116154,0.9205425466040992,0.6345622550432276,0.8420275615997906,0.3805591097760087
ECFP-ESM-RF,CHEMBL2971,0.6223716144356738,0.6561112884694587,0.8962504954726004,0.8593575555183295,0.8005307766176684,0.7281598519718113
ECFP-ESM-RF,CHEMBL238,0.648519000984515,0.6737273971463842,0.845026972805004,0.7948796838750054,0.6899073141162342,0.6021383421295691
ECFP-ESM-RF,CHEMBL228,0.6613127194129934,0.7222971306080758,0.8435977821644248,0.783035904005685,0.6956515389834368,0.6014200851531277
ECFP-ESM-RF,CHEMBL214,0.690713577762518,0.7812203016515428,0.7986881187458024,0.7324690564793238,0.6310542964384172,0.533839001550809
ECFP-ESM-RF,CHEMBL4005,0.6674946190432755,0.7564868739354021,0.7942290719972446,0.7291209428215115,0.6179104192752981,0.5169170546816764
ECFP-ESM-RF,CHEMBL2147,0.6449039453114916,0.6585471275443483,0.9479600028416227,0.9027399878109633,0.8941108377525315,0.8144465139597292
ECFP-ESM-RF,CHEMBL2034,0.6893282665066853,0.8394637859053423,0.7274997240841232,0.5037562000788571,0.5290569588947177,0.18246524667483133
ECFP-ESM-RF,CHEMBL237,0.6898001605369513,0.7358067087381169,0.8589343328817935,0.8503638762992648,0.7371005561937596,0.7225139977310832
ECFP-ESM-GBM,CHEMBL264,0.8400908752854211,0.8832912624844832,0.665399460683313,0.5053970897675775,0.3942969615983335,0.2287585705059657
ECFP-ESM-GBM,CHEMBL1862,0.8743765234179799,0.8474004445596144,0.8112669167542266,0.7377676188471054,0.6502845078065217,0.5366093041198163
ECFP-ESM-GBM,CHEMBL231,0.9718379143657047,0.8695613289485485,0.6983259239066005,0.7193709115743789,0.4503456658011741,0.5006702518387375
ECFP-ESM-GBM,CHEMBL287,0.9231443711994998,1.0323352036488112,0.5015405002441079,0.402055854247815,0.22384861069229134,0.14537016882317577
ECFP-ESM-GBM,CHEMBL219,0.9318729643174856,0.9613407394381103,0.5431631941040698,0.4840865637585314,0.2478313043065361,0.19416618513180606
ECFP-ESM-GBM,CHEMBL236,0.861304033828288,0.9392891992932692,0.7806213639467176,0.70257236982731,0.5866320063370946,0.45889368584212875
ECFP-ESM-GBM,CHEMBL234,0.8348998255997356,0.7984252631345492,0.7065734887728937,0.6621606299757687,0.4593196300430128,0.41342563253625864
ECFP-ESM-GBM,CHEMBL244,0.9644063461741339,0.963959018353931,0.8200565169308383,0.785450195176504,0.6430787414583723,0.6059546188471556
ECFP-ESM-GBM,CHEMBL233,0.9531912350359448,0.9963378512151522,0.688077281282585,0.6532435381250382,0.4662937514219072,0.4155584129062657
ECFP-ESM-GBM,CHEMBL262,0.8831058957072565,0.923189757829295,0.6480599070376589,0.6206222369754139,0.35154238619007927,0.3516981679182304
ECFP-ESM-GBM,CHEMBL204,0.9850094934767449,1.098071389734866,0.794937476771041,0.7454041474271247,0.5854559394926826,0.5318019625664321
ECFP-ESM-GBM,CHEMBL1871,0.8316790408501175,1.097232374896563,0.6741724684163745,0.6676904179041225,0.41194735192009124,0.32284783412241114
ECFP-ESM-GBM,CHEMBL4203,0.9418204648146323,1.0514760981945648,0.4960628353601934,0.31051335652477147,0.2287698660741182,-0.03126728255932254
ECFP-ESM-GBM,CHEMBL4792,0.8772548051695656,0.8799201275848128,0.7171965569514237,0.7077649149281163,0.4462444811562569,0.4467689895485376
ECFP-ESM-GBM,CHEMBL2835,0.4872824847689803,0.8533168635112216,0.87054116356531,0.5024344421747259,0.7510509713484044,0.1629768090524738
ECFP-ESM-GBM,CHEMBL2971,0.8069205445417527,0.8334475704209703,0.8200396645893735,0.7600345707088055,0.6646966526790392,0.561353015593713
ECFP-ESM-GBM,CHEMBL238,0.891339153234569,0.9113072764440873,0.6932956269647444,0.618102461680323,0.4142233170249153,0.27206374960053603
ECFP-ESM-GBM,CHEMBL228,0.8997940089791953,0.9220802870633287,0.7201767347550654,0.6393211145215747,0.4365653484849359,0.3504372590188516
ECFP-ESM-GBM,CHEMBL214,0.8648310309355226,0.9240855209189819,0.6815057881359122,0.629718944414153,0.4215990481947557,0.34775129620031064
ECFP-ESM-GBM,CHEMBL4005,0.7854010162405365,0.8152429636529395,0.7238512266552177,0.6952297304834798,0.47100377275125727,0.4389610281051831
ECFP-ESM-GBM,CHEMBL2147,0.7997258990237471,0.8461828080254965,0.9241747530389137,0.840205521716615,0.8371664968118792,0.6936458319974341
ECFP-ESM-GBM,CHEMBL2034,0.7677904732798801,0.8419731899058277,0.6491804699181656,0.43383905450574706,0.41574606354981725,0.17757023793088433
ECFP-ESM-GBM,CHEMBL237,0.8892290743217193,0.9346640556792262,0.7551887470281691,0.7508159769959026,0.5631117213679244,0.5522612562073426
KANO-ESM-RF,CHEMBL264,1.1575366429766838,1.036767643539121,0.02518630569363447,0.026195477421253496,-0.1499440563711516,-0.06254015526623347
KANO-ESM-RF,CHEMBL1862,1.5576430240036079,1.7245649460977297,-0.12085413309561722,-0.11620970315818167,-0.1098231090265045,-0.919238925034582
KANO-ESM-RF,CHEMBL231,1.3073614339846797,1.2357000035455874,0.11386011340937473,0.09306785336868383,0.00529724803735887,-0.008354175649845086
KANO-ESM-RF,CHEMBL287,1.1827911210096698,1.3006589358039986,-0.20361427793817993,-0.15314132353023505,-0.2741580391181926,-0.35663629233210514
KANO-ESM-RF,CHEMBL219,1.1124606529444099,1.136367548820721,-0.0496338989082704,-0.13706531862028898,-0.07194165805294905,-0.12597420027836148
KANO-ESM-RF,CHEMBL236,1.3568592947772409,1.3971394278510274,-0.03003296874580631,-0.04213213024214542,-0.02587279408360854,-0.19719099725148626
KANO-ESM-RF,CHEMBL234,1.273401192779448,1.2751051706309091,-0.19112855156521003,-0.20579029644415187,-0.2577732854515278,-0.4960515362730882
KANO-ESM-RF,CHEMBL244,1.6052681690813704,1.5456589206521356,0.24224121092925058,0.2238546098915091,0.011111139189191377,-0.013109596622929542
KANO-ESM-RF,CHEMBL233,1.344225055881184,1.3788797886407642,0.08236308346592712,0.052799263739811766,-0.06141734328006465,-0.11938804373431644
KANO-ESM-RF,CHEMBL262,1.106643231763165,1.1581308685341525,-0.0739598344721131,-0.18254096964858663,-0.01828955706737334,-0.020259314408146878
KANO-ESM-RF,CHEMBL204,1.5389965743581269,1.7249743626978753,0.013549518877224564,-0.02568183948394121,-0.011964251322564845,-0.15540362613294678
KANO-ESM-RF,CHEMBL1871,1.1239472749969828,1.435253978917001,-0.13695762311137208,-0.22566005600094632,-0.07398093879444678,-0.15863478827861655
KANO-ESM-RF,CHEMBL4203,1.106064005682192,1.045515269960937,-0.10225596313870697,-0.2875380792148281,-0.06367331287060107,-0.019607896566075977
KANO-ESM-RF,CHEMBL4792,1.1873643635772182,1.1898369697853521,-0.09955552209552658,-0.19940739655372203,-0.014459180243964864,-0.011567643991664323
KANO-ESM-RF,CHEMBL2835,1.6166528477114357,1.0064132279508082,0.017542112378012918,-0.3282399877592313,-1.0,-0.16431235745116468
KANO-ESM-RF,CHEMBL2971,1.5810519162637162,1.2963831603719456,-0.21171536348677691,-0.09864681937460293,-0.2872669080252175,-0.061268662158269205
KANO-ESM-RF,CHEMBL238,1.1606837059253714,1.1797391283067002,0.13819584406558444,0.09019821489631487,0.00671497477653904,-0.21993204400716038
KANO-ESM-RF,CHEMBL228,1.2682908648445694,1.2953807534730992,-0.028581760106207502,-0.01072083321755496,-0.11942522001888034,-0.28197191544096767
KANO-ESM-RF,CHEMBL214,1.188463276576874,1.2486110298741462,0.11589871660676553,0.16932552925688596,-0.09229011637237372,-0.1908120693310107
KANO-ESM-RF,CHEMBL4005,1.250410282654727,1.2388670623050695,-0.2716180138629483,-0.15494209328459208,-0.34083312254842046,-0.2955922005553404
KANO-ESM-RF,CHEMBL2147,2.047766711154506,2.1776421894058755,-0.021766622853887717,-0.24407110061053772,-0.06763401548710335,-1.0
KANO-ESM-RF,CHEMBL2034,1.2365819578442192,1.1358196806014678,-0.06506114530356406,0.01641021196185309,-0.5155212155350946,-0.49665283058803067
KANO-ESM-RF,CHEMBL237,1.3797451545957764,1.5291117451531695,0.10825337918277866,0.07862937634304389,-0.051818584979493876,-0.1983730729067239
KANO-ESM-GBM,CHEMBL264,2.9253125347400397,2.6679982360741623,0.0036871736765129327,0.04127548717148697,-1.0,-1.0
KANO-ESM-GBM,CHEMBL1862,1.5445932940108449,1.7237901625565706,0.31198452468686755,0.3916461337015991,-0.09130509969957212,-0.9175148256226837
KANO-ESM-GBM,CHEMBL231,2.0282886680368644,2.1242340654530425,-0.04567000421614196,-0.23560448310620613,-1.0,-1.0
KANO-ESM-GBM,CHEMBL287,1.3977039864980856,1.5084230807598138,0.1073443290749585,0.05396147380776335,-0.779252542114927,-0.8246640312827593
KANO-ESM-GBM,CHEMBL219,2.550137559836604,2.6005198982322213,-0.010997778503927169,0.05758801261320158,-1.0,-1.0
KANO-ESM-GBM,CHEMBL236,3.108684979033837,3.422236954173882,-0.12124044260199571,-0.11672114770239472,-1.0,-1.0
KANO-ESM-GBM,CHEMBL234,2.738908110407417,2.8289053862318347,-0.010995402170349377,0.07183937475731873,-1.0,-1.0
KANO-ESM-GBM,CHEMBL244,1.793403691839447,1.6384616286697766,0.09704973762078754,0.19599146571528908,-0.2342650045341188,-0.1384177270910747
KANO-ESM-GBM,CHEMBL233,2.1598449059092557,2.2769737364945297,-0.00174335846540216,0.027871735560822213,-1.0,-1.0
KANO-ESM-GBM,CHEMBL262,1.332293108711197,1.5297726813359576,0.044241583249576076,-0.04954576796375167,-0.4758954318454103,-0.7801192462154869
KANO-ESM-GBM,CHEMBL204,1.931784311229676,1.7402671136171295,-0.09027874521184935,-0.0024746112515588677,-0.5944361557071569,-0.17598088663121847
KANO-ESM-GBM,CHEMBL1871,1.2526794737523201,1.493511718464624,0.058834652844178575,-0.10321413961538049,-0.3340884322141715,-0.25460297830317513
KANO-ESM-GBM,CHEMBL4203,1.1075752049608938,0.9928983011067996,0.10737803401244164,0.299798222376442,-0.0665818614426339,0.08043599060847362
KANO-ESM-GBM,CHEMBL4792,1.1897497857928931,1.2092842858255886,0.20927621591192352,0.24532995127087842,-0.018539384013217308,-0.04490505598945993
KANO-ESM-GBM,CHEMBL2835,1.6469153488771815,1.0642129348615756,0.10240211713140898,0.11134578103879496,-1.0,-0.3018888292142672
KANO-ESM-GBM,CHEMBL2971,1.87393467425736,1.5684811771221427,-0.19835656443414157,-0.43127831610796424,-0.8083614385591893,-0.5535212588679295
KANO-ESM-GBM,CHEMBL238,1.2094336317600227,1.336021363292453,0.04840155260355032,0.0974717708879105,-0.07847528041762741,-0.5645537097738937
KANO-ESM-GBM,CHEMBL228,1.8845138748859653,1.934326481762841,0.04439294570477211,0.2192071688643574,-1.0,-1.0
KANO-ESM-GBM,CHEMBL214,2.947302192458263,3.139216651633611,-0.02140978350538161,-0.08962751776453973,-1.0,-1.0
KANO-ESM-GBM,CHEMBL4005,1.1678007333401708,1.1764280115318795,0.17215485505080566,0.09319486414511874,-0.16951862966511744,-0.16828721864498242
KANO-ESM-GBM,CHEMBL2147,2.2916874712355777,2.6650510022893794,-0.07879190632513985,-0.0036858785022312744,-0.3371256674907015,-1.0
KANO-ESM-GBM,CHEMBL2034,1.0109511708328718,0.9147289425744315,0.12596915080216853,0.197328390577165,-0.01292331610569164,0.029295297328370773
KANO-ESM-GBM,CHEMBL237,2.398943838625138,2.717214809018885,-0.0014951719669149216,-0.07503373433827358,-1.0,-1.0
DeepDTA,CHEMBL264,0.7724620648585676,0.8066500243712429,0.7339799786090608,0.6695212194369091,0.4878920258606805,0.35679000468954436
DeepDTA,CHEMBL1862,0.9056656044487459,0.7846689212183704,0.8042101121595338,0.7854426255484138,0.6248079362533977,0.6026777941906323
DeepDTA,CHEMBL231,0.9366045833507102,1.046284078872315,0.72112263642014,0.6277612959320659,0.4894779107593892,0.27708666018282946
DeepDTA,CHEMBL287,0.8107056470684213,0.8868204873863699,0.6459382025804065,0.6185618304362283,0.4014043126268403,0.36932152567582643
DeepDTA,CHEMBL219,0.8452007212507413,0.8979513019215529,0.6383113619701491,0.5839085711429904,0.38124097209933216,0.29693356919483316
DeepDTA,CHEMBL236,0.8267437326899608,0.8601106569374586,0.7999301801034192,0.748602747365884,0.6191396981822943,0.5462751119829081
DeepDTA,CHEMBL234,0.7906551764214982,0.8061467597124423,0.7458314521426602,0.6793516241529249,0.5151067943178363,0.402025359844267
DeepDTA,CHEMBL244,0.8438140593379685,0.882576865794527,0.8592231853233969,0.8282235495298064,0.7267590346962861,0.6696805256852508
DeepDTA,CHEMBL233,0.8744574683712043,0.8694918702688997,0.7496000910398681,0.7503828085953981,0.5508208493575066,0.5548986580890849
DeepDTA,CHEMBL262,0.847470895337372,0.8911309879667397,0.6690806482906596,0.6924916717524481,0.4028195113054931,0.39594235439147196
DeepDTA,CHEMBL204,0.934004451571185,0.9683756184941017,0.8023564005513475,0.7991429995076856,0.6272756578814964,0.6358702781885484
DeepDTA,CHEMBL1871,0.8415214831440888,0.9412943887307941,0.6519083725237736,0.7479809350644492,0.39794646444500914,0.5016436634544825
DeepDTA,CHEMBL4203,0.926699432244406,0.9583480577001715,0.5620508952647056,0.5121407092542708,0.25333544027666066,0.14331933728150248
DeepDTA,CHEMBL4792,0.8013804746774341,0.780871946444472,0.7386785259224301,0.7532120626742704,0.5378913801143138,0.5643079323452871
DeepDTA,CHEMBL2835,0.39563570094197675,0.4997930501375882,0.9164884923594387,0.8547808543362437,0.8358882101236242,0.7128576438421328
DeepDTA,CHEMBL2971,0.7217088154744623,0.803070792093745,0.8610814793789737,0.7870040499492759,0.7317743148168003,0.592745173685349
DeepDTA,CHEMBL238,0.8282470534106557,0.8375768387504452,0.709359907693415,0.6321931272117717,0.49421503925634014,0.38508796907893716
DeepDTA,CHEMBL228,0.830158184404255,0.8725586455521951,0.7425405472786587,0.6843247880429087,0.5204001195373669,0.4183350660860211
DeepDTA,CHEMBL214,0.8083491347866909,0.9028741875029551,0.7161960805512251,0.6369005033770815,0.4946823981998404,0.37735089563013735
DeepDTA,CHEMBL4005,0.7423908869297802,0.833739842963866,0.7470943411758062,0.6769415871453083,0.527355159661447,0.4132136208687929
DeepDTA,CHEMBL2147,0.7803910584064886,0.7790372401589858,0.9211490944403048,0.8691504318388557,0.8449449147622545,0.7403359445128074
DeepDTA,CHEMBL2034,0.7496431057215207,1.0450268763545245,0.7094437116951564,0.3818535394521952,0.44303832573851776,-0.2669433962781711
GraphDTA,CHEMBL264,0.698693081065326,0.7974000620415677,0.763701550971861,0.6388826156152428,0.5810327249039402,0.371456973591615
GraphDTA,CHEMBL1862,0.7839702813277168,0.71087512576283,0.8489021142845958,0.8233264321717687,0.7188635902845315,0.6738956659329951
GraphDTA,CHEMBL231,0.8316394087973719,0.8763774688649331,0.7780173455289255,0.7406102207352908,0.5974942374008219,0.49281148293907706
GraphDTA,CHEMBL287,0.815865919623283,0.9484129202613614,0.6473990020848774,0.581406664489841,0.3937597436368061,0.27867414941146307
GraphDTA,CHEMBL219,0.7555690186814396,0.7855860735948492,0.7129819852795332,0.6826982793754403,0.5055184246756306,0.4618809768041763
GraphDTA,CHEMBL236,0.7133475285031018,0.8065272829882328,0.8494132933028424,0.7765709779014548,0.7164522493855356,0.6010466914291361
GraphDTA,CHEMBL234,0.725924019717172,0.7606250934113031,0.7704026047145681,0.7033247012438562,0.5912533604649575,0.4676517403868613
GraphDTA,CHEMBL244,0.8177457477849778,0.8815981659687212,0.8634087531503306,0.8250407689949701,0.7433809543045348,0.6704127097657592
GraphDTA,CHEMBL233,0.8457766582874633,0.8932960382955655,0.7618490456961861,0.7290334859952495,0.5798023707396924,0.5301938819871848
GraphDTA,CHEMBL262,0.8105866739901767,0.7691018428995768,0.6754583722877916,0.7485957311877158,0.4536701311017215,0.5500513038739971
GraphDTA,CHEMBL204,0.8034771186050992,0.9615951582979876,0.854181285751485,0.8011221203534046,0.7241729265791141,0.6409516191872151
GraphDTA,CHEMBL1871,0.7153811263652714,0.94331978075756,0.7616009252098349,0.7568863199470754,0.5649094483402733,0.4994967200649857
GraphDTA,CHEMBL4203,0.9673250434647577,1.4204530053282562,0.46930651002150675,-0.07242510021541065,0.1864343432568062,-0.8820283880301889
GraphDTA,CHEMBL4792,0.7235996056037619,0.7575917793830291,0.7954183548740418,0.7700363840525742,0.6232413786977687,0.5898992922833636
GraphDTA,CHEMBL2835,0.4507559677779222,0.8339109112288648,0.9104832836378585,0.5567371704549046,0.7869743964257492,0.20061471991241275
GraphDTA,CHEMBL2971,0.7027578645861048,0.7043712582655008,0.8665634442364872,0.829536842695906,0.7456757501667517,0.6866989640489795
GraphDTA,CHEMBL238,0.7679698227707367,0.6988733153475851,0.7609226734202297,0.7598753895156297,0.5651550584754585,0.5718848585141454
GraphDTA,CHEMBL228,0.7201512992484341,0.7980323771987903,0.8016343543706934,0.7333156239285755,0.639085063730273,0.5134531624839449
GraphDTA,CHEMBL214,0.7464579831602902,0.8402557343940908,0.7566293843335198,0.6848677523186123,0.5690992947979812,0.460723042779842
GraphDTA,CHEMBL4005,0.7528004240673173,0.8429835834268768,0.7179488636586648,0.6365868439569361,0.5140077238665632,0.400129995891076
GraphDTA,CHEMBL2147,0.8045837321869866,0.7369817210069586,0.9160054467941291,0.8823381447174994,0.8351822658100142,0.7676146043363665
GraphDTA,CHEMBL2034,0.7842175500671045,0.8492386256895528,0.6422150864756963,0.4764690736893764,0.3904780874019199,0.1633154104687009
HyperAttentionDTI,CHEMBL264,0.6756569404164983,0.7664508911864866,0.7838135200920205,0.6719006135633072,0.608204267310045,0.41930090507656836
HyperAttentionDTI,CHEMBL1862,0.8290178523684064,0.743563544157328,0.8297077157996907,0.80804345191683,0.685626695216687,0.6432153904049963
HyperAttentionDTI,CHEMBL231,0.8289660256176737,0.9209658756439232,0.7814835638056356,0.6957850530322611,0.6000778634018242,0.43988902485839954
HyperAttentionDTI,CHEMBL287,0.7550903411930413,0.8682574014920729,0.7006229273671051,0.6388510124861873,0.48071590937267594,0.395448140466759
HyperAttentionDTI,CHEMBL219,0.7508173536182748,0.7684448368026715,0.7236738111699715,0.711861727831952,0.5117183153153717,0.4851079490275235
HyperAttentionDTI,CHEMBL236,0.7572537856217322,0.8702829770096567,0.8272509045435826,0.7503301145405853,0.6804735673237696,0.5354794601399149
HyperAttentionDTI,CHEMBL234,0.7150263101977635,0.76413550531724,0.7849417360081056,0.7147875523570619,0.6034336075935747,0.4627266491466159
HyperAttentionDTI,CHEMBL244,0.8026927891290583,0.8863612915548209,0.870236501822864,0.8255566238085806,0.7527416198513969,0.6668416802993548
HyperAttentionDTI,CHEMBL233,0.8144672313706577,0.8659523839841448,0.7842550887103316,0.7549522871282573,0.6103367584752846,0.55851507718559
HyperAttentionDTI,CHEMBL262,0.7198381115366397,0.7598161729150078,0.7693088578651199,0.7920978410997337,0.5691503956674466,0.5608505325223384
HyperAttentionDTI,CHEMBL204,0.7812880142728832,0.8815048720602362,0.8625215291412698,0.8367131998170425,0.739197236870216,0.6982704322634824
HyperAttentionDTI,CHEMBL1871,0.7199599589582925,0.8799051675681223,0.7506871743386149,0.7890017005296415,0.5593219863994816,0.5645274528462942
HyperAttentionDTI,CHEMBL4203,0.9152325805704797,1.3328859138253562,0.5719102741488742,0.3060598887637617,0.2716993663206607,-0.6571368944640512
HyperAttentionDTI,CHEMBL4792,0.7935522528009145,0.8189534441953104,0.7417447375227472,0.7335491044837464,0.5468754278779107,0.5207761330859949
HyperAttentionDTI,CHEMBL2835,0.3938511108494009,0.5546101746555467,0.9179348257804967,0.8104835048113024,0.8373653859474377,0.6464160854740444
HyperAttentionDTI,CHEMBL2971,0.6074989913062496,0.7705391063913444,0.9002034546834641,0.8086820912957341,0.8099501787490508,0.6250719370963187
HyperAttentionDTI,CHEMBL238,0.8047397457627771,0.8174395102159884,0.733808827060426,0.6598156232115445,0.522517987537257,0.41430040785174593
HyperAttentionDTI,CHEMBL228,0.7456633529684766,0.784299083852838,0.7900523257913579,0.741598888248832,0.6130605970867564,0.5300549859210891
HyperAttentionDTI,CHEMBL214,0.7478849333243456,0.845963766183504,0.7580173544513058,0.6878616475966366,0.5674502762304094,0.45337131556444943
HyperAttentionDTI,CHEMBL4005,0.698432853819469,0.8052163875314092,0.7777800862226665,0.7046704495024392,0.5816700321843447,0.4526764669644482
HyperAttentionDTI,CHEMBL2147,0.6962910120644383,0.7505046577931576,0.9365322715360566,0.873396710992032,0.8765636636619709,0.7590082462123062
HyperAttentionDTI,CHEMBL2034,0.7028773662029902,0.9529275227152727,0.7309153566526085,0.4452096813840856,0.5103617624110519,-0.05346966242320739
HyperAttentionDTI,CHEMBL237,0.7381216162172813,0.8233590011534481,0.839667715141574,0.8128518334064258,0.6989775174094093,0.6525501975893271
KANO_ESM,CHEMBL264,0.6615093075124954,0.7301638091358715,0.7914411554004698,0.7084329444935307,0.6244401687120089,0.47298486401741613
KANO_ESM,CHEMBL1862,0.8118543777674198,0.762815304789708,0.8410657627666298,0.7928866084331457,0.6985091275972126,0.624501046891315
KANO_ESM,CHEMBL231,0.8762996188303623,0.8792599693959068,0.7566142338885321,0.7539584187704573,0.5531032194426696,0.48946959998883066
KANO_ESM,CHEMBL287,0.7463497254992308,0.8185396792838658,0.7228012910123314,0.6969589363527022,0.49266836703437356,0.46270098177781505
KANO_ESM,CHEMBL219,0.7735798052082757,0.7979958666338289,0.7060679727633619,0.6790149050523413,0.4816631586334855,0.44474551267014883
KANO_ESM,CHEMBL236,0.6979431049346316,0.7455926793870599,0.8556149311237176,0.822097971860371,0.7285661999063797,0.6590527316730912
KANO_ESM,CHEMBL234,0.7121910055182907,0.7620273164037717,0.7918753506781763,0.7175203308227361,0.6065723935615469,0.46568714826142144
KANO_ESM,CHEMBL244,0.7886622099561059,0.8842115374356816,0.8730994772411862,0.8231100770243253,0.7613099258529608,0.6684557849350956
KANO_ESM,CHEMBL233,0.7457881235760687,0.7813248751644541,0.8221160575053313,0.8055998437258444,0.6732819462677454,0.6405891739395874
KANO_ESM,CHEMBL262,0.7378057034627162,0.6913910985667101,0.7576733623531934,0.8185632716561303,0.547373432570249,0.6363841035417186
KANO_ESM,CHEMBL204,0.7594224258736904,0.8957393370591764,0.872501483986741,0.8337409733375493,0.7535909240101735,0.6884471484162853
KANO_ESM,CHEMBL1871,0.7329840129487925,0.9491079160048066,0.7520612971215432,0.7542309088175333,0.5432340718288142,0.493335779614269
KANO_ESM,CHEMBL4203,0.9175832891416086,1.2269595399791868,0.5672349339604599,0.30609108764537546,0.2679533870334979,-0.4042127545954062
KANO_ESM,CHEMBL4792,0.7531331355841147,0.8045933482746492,0.7709155537828785,0.7381634313117181,0.5918591474114503,0.537434873569161
KANO_ESM,CHEMBL2835,0.5564452828619292,0.6824324879803357,0.865836832704433,0.768778494419686,0.6753661784794196,0.46465195426692585
KANO_ESM,CHEMBL2971,0.7269076647047155,0.7907652528652435,0.8735869046135414,0.805587729184373,0.7278960542219688,0.6051303693392558
KANO_ESM,CHEMBL238,0.6955587936527883,0.7435025316551074,0.8045966993717969,0.7305632977008896,0.6432912161497593,0.5154611829809587
KANO_ESM,CHEMBL228,0.6679643878382096,0.6920325553550379,0.8331026917036537,0.7990713923295809,0.6894983043470688,0.6341216752968861
KANO_ESM,CHEMBL214,0.7378096903924172,0.8537625910634854,0.7668227850832963,0.6809305792893052,0.5790260904736327,0.44324626802228995
KANO_ESM,CHEMBL4005,0.6964188584360101,0.8171740442486095,0.7714303056391945,0.6835737231743688,0.5840791396171681,0.4362999941104818
KANO_ESM,CHEMBL2147,0.781426600594048,0.761781806501899,0.9196425855561624,0.867346976821317,0.8445331401468391,0.7517115079055137
KANO_ESM,CHEMBL2034,0.7057031681050232,0.8969995298712552,0.7428993659492991,0.5236490452575953,0.5064168296575597,0.06655932138055498
KANO_ESM,CHEMBL237,0.6732353270329351,0.7292119608156504,0.8707616191901878,0.8595948059490326,0.7495754633848228,0.7274657048873117
GGAP-CPI,CHEMBL264,0.6365322091555253,0.7197791280429305,0.8077469318466982,0.7108805267165078,0.6522653360137367,0.4878691003471165
GGAP-CPI,CHEMBL1862,0.7323775007348771,0.6459443413031787,0.8697890702731601,0.8556792936553714,0.7546489716526529,0.7307472605307743
GGAP-CPI,CHEMBL231,0.8791929823175146,1.005529277508441,0.7731084704340604,0.7181522556649853,0.550147222500889,0.33230758026829177
GGAP-CPI,CHEMBL287,0.7102521792615342,0.7691781533622165,0.7413564314158368,0.7293899442367641,0.5405562614756803,0.5255499963040043
GGAP-CPI,CHEMBL219,0.7188027899516167,0.7656502730518869,0.7529659178887017,0.7201628225259644,0.5524708394872466,0.4888461022640612
GGAP-CPI,CHEMBL236,0.6642389517954542,0.7837827425688556,0.8734882357733851,0.8104034772250358,0.7541486690649413,0.623230847266316
GGAP-CPI,CHEMBL234,0.6617506454742187,0.6983322170843471,0.8163806641365892,0.7571118371191554,0.6603273270553189,0.5512766208202905
GGAP-CPI,CHEMBL244,0.68045304736616,0.7814199356559672,0.9074449580208387,0.8651034436365277,0.8223158768847185,0.7410606381704965
GGAP-CPI,CHEMBL233,0.7626927064778127,0.8064043878887869,0.8126907888186118,0.7907158015101421,0.6583028206725815,0.6171456229049774
GGAP-CPI,CHEMBL262,0.7429321543033864,0.6855720287610312,0.7608806641338959,0.8287455471981788,0.5410616649270399,0.6424790679156088
GGAP-CPI,CHEMBL204,0.7587913509498263,0.8900909651414112,0.8718748217864722,0.8347030977069593,0.7540002824193317,0.6923639530475494
GGAP-CPI,CHEMBL1871,0.694807404962795,0.8615710760957466,0.7692047204280968,0.8038263485101427,0.5895752212636216,0.5824857847266729
GGAP-CPI,CHEMBL4203,0.8823782483390247,1.0584052194337805,0.5831425342954992,0.4467199028534137,0.3230488480230437,-0.04490396153698928
GGAP-CPI,CHEMBL4792,0.6526592218559847,0.72699573516818,0.8337585860631366,0.7893164948943199,0.6934936236700648,0.6223550008806926
GGAP-CPI,CHEMBL2835,0.34480262018166513,0.6224855333241799,0.9372172842362227,0.7893124734497499,0.8753506699216629,0.5545742091357044
GGAP-CPI,CHEMBL2971,0.5650062790767374,0.6411616018924498,0.9144594360962796,0.8679642169174333,0.8356071624821451,0.7404066345706088
GGAP-CPI,CHEMBL238,0.6684638624475733,0.7285559461221955,0.8305166478978097,0.7960707972057649,0.67054054118256,0.5347466751175309
GGAP-CPI,CHEMBL228,0.6306417264184712,0.6861824726555781,0.8504903061847581,0.8019097333861865,0.7232276104496975,0.6402814186490744
GGAP-CPI,CHEMBL214,0.7143797903385708,0.8180419605625944,0.7809502961697999,0.7062629964552984,0.6053384741520853,0.4888597801270007
GGAP-CPI,CHEMBL4005,0.6694879342723405,0.7981812065040256,0.7931536586601844,0.6968526302528262,0.6156249710782977,0.4621986256899159
GGAP-CPI,CHEMBL2147,0.6464979257429435,0.6597863422983813,0.945798534419542,0.9023401782551953,0.8935867477907348,0.8137475299319658
GGAP-CPI,CHEMBL2034,0.7002692910049713,0.9427311991473649,0.7460507801619233,0.4817001509805623,0.513988694167497,-0.031046025412627687
GGAP-CPI-ATTL$\mathrm{_{Ki}}$,CHEMBL264,0.5244422727527522,0.5396592351023654,0.8746663423433904,0.8458484073374753,0.7639507642754977,0.7121132287111834
GGAP-CPI-ATTL$\mathrm{_{Ki}}$,CHEMBL1862,0.5838822837177314,0.5606056752860916,0.9190113641633909,0.893123459271979,0.844056064300214,0.7971920782618802
GGAP-CPI-ATTL$\mathrm{_{Ki}}$,CHEMBL231,0.6379261450288602,0.8067201994328689,0.8749306692885681,0.7757740343877576,0.7631666903662002,0.5702331947895906
GGAP-CPI-ATTL$\mathrm{_{Ki}}$,CHEMBL287,0.6172376766754598,0.6490681984479317,0.8084279686154329,0.8143705053280049,0.6530139276307838,0.6621552027841674
GGAP-CPI-ATTL$\mathrm{_{Ki}}$,CHEMBL219,0.573918049729364,0.574998989229602,0.8494481841545214,0.8484591320551306,0.714700114358723,0.7117130683296672
GGAP-CPI-ATTL$\mathrm{_{Ki}}$,CHEMBL236,0.5926288094194934,0.6574683256219548,0.8969934724960609,0.8603167042995813,0.8043006403811899,0.7348854186352807
GGAP-CPI-ATTL$\mathrm{_{Ki}}$,CHEMBL234,0.5429936575841383,0.5897810182469918,0.8784619531703045,0.8294097453709118,0.7713025220234627,0.6799365202358096
GGAP-CPI-ATTL$\mathrm{_{Ki}}$,CHEMBL244,0.6442543710793704,0.7392180037843049,0.9175970718437471,0.878089999400972,0.8407178738411278,0.7682743169103474
GGAP-CPI-ATTL$\mathrm{_{Ki}}$,CHEMBL233,0.648363171091861,0.6964252286416357,0.8678796920266163,0.8455193045537773,0.7530671422508378,0.7144534988302377
GGAP-CPI-ATTL$\mathrm{_{Ki}}$,CHEMBL262,0.51925186308417,0.593172710400693,0.881310946977698,0.8576373629134952,0.7758121084947456,0.7323559340921655
GGAP-CPI-ATTL$\mathrm{_{Ki}}$,CHEMBL204,0.6702506261742733,0.80857500224519,0.9011015646884967,0.8641903743037723,0.808060516688649,0.7461313591585358
GGAP-CPI-ATTL$\mathrm{_{Ki}}$,CHEMBL1871,0.6093240394641322,0.8537955258402291,0.8319915691973058,0.8009732254456123,0.6843532506489918,0.5899877859031961
GGAP-CPI-ATTL$\mathrm{_{Ki}}$,CHEMBL4203,0.55688188444393,0.613240489014378,0.8596870181173695,0.8548753555771672,0.7303664529180398,0.6492206067450269
GGAP-CPI-ATTL$\mathrm{_{Ki}}$,CHEMBL4792,0.5336026282319946,0.5571031077604028,0.8951237627716971,0.8832565710184324,0.7951186269143157,0.7782359348437677
GGAP-CPI-ATTL$\mathrm{_{Ki}}$,CHEMBL2835,0.31434007008756604,0.5049549860645354,0.9468264263812751,0.8531153345324877,0.896402726597157,0.7068957174511079
GGAP-CPI-ATTL$\mathrm{_{Ki}}$,CHEMBL2971,0.4704034839482149,0.6279401953606341,0.9414330295022781,0.8677295466991023,0.8860491937552095,0.7510024088126206
GGAP-CPI-ATTL$\mathrm{_{Ki}}$,CHEMBL238,0.5787518747645537,0.6064946939585978,0.8686311248254803,0.8298035431394645,0.7530375446311335,0.6775831855226748
GGAP-CPI-ATTL$\mathrm{_{Ki}}$,CHEMBL228,0.5514326977538301,0.5997524228121645,0.8892293532223249,0.8528396311176732,0.7883869789795912,0.725193087373756
GGAP-CPI-ATTL$\mathrm{_{Ki}}$,CHEMBL214,0.5842260373010942,0.6806644533587285,0.8586527125747243,0.8041596264750033,0.7360459758913858,0.6461208012040358
GGAP-CPI-ATTL$\mathrm{_{Ki}}$,CHEMBL4005,0.5426536922481098,0.6078560899217875,0.8739943878035294,0.846396149046929,0.7474687190955873,0.6880963507023525
GGAP-CPI-ATTL$\mathrm{_{Ki}}$,CHEMBL2147,0.4839549436268363,0.5170234192157284,0.9713590160387006,0.9431223963893377,0.9403691080042302,0.8856290234598815
GGAP-CPI-ATTL$\mathrm{_{Ki}}$,CHEMBL2034,0.6343616491585071,0.7722891697876397,0.7852869564503868,0.6251575937035689,0.6011679526336884,0.30806996701455214
GGAP-CPI-ATTL$\mathrm{_{Ki}}$,CHEMBL237,0.593403383695822,0.67143935128385,0.897707476789081,0.877859545363311,0.8054446750266248,0.7689387200764973
GGAP-CPI-ATTL$\mathrm{_{Kd}}$,CHEMBL264,0.6430848926039758,0.7234386995386696,0.8047481394641053,0.7123415548348466,0.6450690827246026,0.48264820962371224
GGAP-CPI-ATTL$\mathrm{_{Kd}}$,CHEMBL1862,0.7545272194906428,0.7573458159096533,0.8603523714992706,0.7947521991819653,0.739583967662566,0.6298664987094786
GGAP-CPI-ATTL$\mathrm{_{Kd}}$,CHEMBL231,0.8856825294122745,0.8677197638905925,0.7481846240071505,0.7468850882666314,0.5434817575966626,0.5027829826425465
GGAP-CPI-ATTL$\mathrm{_{Kd}}$,CHEMBL287,0.756965564331406,0.8420206047748228,0.6932057106190828,0.6638859245701089,0.4781334827568329,0.431432526262184
GGAP-CPI-ATTL$\mathrm{_{Kd}}$,CHEMBL219,0.8009161772769983,0.86915891627439,0.7052972824707509,0.6441000402899822,0.4443824409525886,0.3412977107284868
GGAP-CPI-ATTL$\mathrm{_{Kd}}$,CHEMBL236,0.6784820535817662,0.7448071854766408,0.8627507594743714,0.819147171051682,0.7434921775000616,0.6597707401469217
GGAP-CPI-ATTL$\mathrm{_{Kd}}$,CHEMBL234,0.6801841558122814,0.6893477732466603,0.8076606477807207,0.7651616186832271,0.6411401393440139,0.5627485132232404
GGAP-CPI-ATTL$\mathrm{_{Kd}}$,CHEMBL244,0.7678547962339274,0.8422891351030006,0.8798378415308624,0.8395294771261851,0.7737385847539856,0.699148973904294
GGAP-CPI-ATTL$\mathrm{_{Kd}}$,CHEMBL233,0.7573208498508244,0.7935529742804306,0.814802300977074,0.7956239249684686,0.6630992061722452,0.6292512463977064
GGAP-CPI-ATTL$\mathrm{_{Kd}}$,CHEMBL262,0.773971152179419,0.7259117488168719,0.7111162843616299,0.774261036550716,0.5019125800532169,0.5991674841512331
GGAP-CPI-ATTL$\mathrm{_{Kd}}$,CHEMBL204,0.7644372597867412,0.8953541286312674,0.8685931762614433,0.832410515940156,0.7503258622655679,0.6887150544325611
GGAP-CPI-ATTL$\mathrm{_{Kd}}$,CHEMBL1871,0.7736542372390794,0.9798236121733407,0.7009809324967878,0.7303506537376974,0.49113976632969814,0.46001108181498573
GGAP-CPI-ATTL$\mathrm{_{Kd}}$,CHEMBL4203,0.9128433330081163,0.9057851675247389,0.551025115418177,0.516628123661334,0.27549691301239676,0.2347156371791702
GGAP-CPI-ATTL$\mathrm{_{Kd}}$,CHEMBL4792,0.6813500507919642,0.7361515362945434,0.816637460434457,0.7830211112944334,0.6659533342165638,0.6127829630958699
GGAP-CPI-ATTL$\mathrm{_{Kd}}$,CHEMBL2835,0.3179342258010617,0.5560929444946372,0.9483347953550334,0.8314488053696749,0.8940201259843196,0.6445229200280216
GGAP-CPI-ATTL$\mathrm{_{Kd}}$,CHEMBL2971,0.5793067479242773,0.6249500720612797,0.9110119537863802,0.8733343464376357,0.8271801922187405,0.7533681144831599
GGAP-CPI-ATTL$\mathrm{_{Kd}}$,CHEMBL238,0.6885957526609021,0.6511754664117448,0.8106857340847566,0.7949535398521439,0.6503972888790561,0.6283280973341976
GGAP-CPI-ATTL$\mathrm{_{Kd}}$,CHEMBL228,0.7030133891282703,0.7015730786179991,0.811379502105096,0.789952351329769,0.6560585236301297,0.6239639674154287
GGAP-CPI-ATTL$\mathrm{_{Kd}}$,CHEMBL214,0.7168876402574383,0.8229387305654682,0.7770271113900978,0.6963557071378961,0.6025626701201428,0.48272213081298476
GGAP-CPI-ATTL$\mathrm{_{Kd}}$,CHEMBL4005,0.6473562842114519,0.7674453317050299,0.8080902620037604,0.7216902582973267,0.6406179402188368,0.5028198178017743
GGAP-CPI-ATTL$\mathrm{_{Kd}}$,CHEMBL2147,0.6408754217481233,0.6748653003535612,0.9471499489230932,0.8982153938880032,0.8954296221649807,0.8051369053066776
GGAP-CPI-ATTL$\mathrm{_{Kd}}$,CHEMBL2034,0.6875687388350102,0.8585218210720713,0.7475728950304166,0.554018515387528,0.5314580783440922,0.14492350465872494
GGAP-CPI-ATTL$\mathrm{_{Kd}}$,CHEMBL237,0.6616836946628284,0.7201443079425102,0.8715753700706548,0.8578084418799358,0.7580954981263307,0.7342014188017878
GGAP-CPI-ATTL$\mathrm{_{EC50}}$,CHEMBL264,0.6350140674463873,0.7076517083201681,0.8096420413134632,0.7245338990492675,0.6539220658731867,0.5049813049810961
GGAP-CPI-ATTL$\mathrm{_{EC50}}$,CHEMBL1862,0.8051232677015433,0.7215255036706468,0.8432727053552149,0.8181723664647396,0.7034877432788169,0.6640510346260511
GGAP-CPI-ATTL$\mathrm{_{EC50}}$,CHEMBL231,0.8198333482652456,0.8043484932937071,0.783117501519413,0.777390793562601,0.6088411680351067,0.5727564544302385
GGAP-CPI-ATTL$\mathrm{_{EC50}}$,CHEMBL287,0.6940551713381766,0.7800928021628601,0.7496735942309052,0.7219319761028881,0.561272177937203,0.5119895582786478
GGAP-CPI-ATTL$\mathrm{_{EC50}}$,CHEMBL219,0.7350831315225117,0.7586855877704122,0.729813269485939,0.7059355543223585,0.5319688656938126,0.4981031596605324
GGAP-CPI-ATTL$\mathrm{_{EC50}}$,CHEMBL236,0.6485655491995833,0.702561140560699,0.8754209070217127,0.8374899286712082,0.7656140167947081,0.6972722769662295
GGAP-CPI-ATTL$\mathrm{_{EC50}}$,CHEMBL234,0.6527381518765677,0.6639522730175355,0.8192591311995367,0.7778357984822799,0.6695164427612663,0.5943716836946192
GGAP-CPI-ATTL$\mathrm{_{EC50}}$,CHEMBL244,0.7201792390972134,0.7996403418174527,0.8956980648963053,0.8576169782474578,0.8009631490696233,0.7288444537271529
GGAP-CPI-ATTL$\mathrm{_{EC50}}$,CHEMBL233,0.7021920221164305,0.7289056859415148,0.8432519613358013,0.8290072225238698,0.7103630343021045,0.6871972746780995
GGAP-CPI-ATTL$\mathrm{_{EC50}}$,CHEMBL262,0.7112644942833672,0.6990162453322543,0.7656748620635853,0.7944680517277933,0.5793525265243885,0.6283194529888946
GGAP-CPI-ATTL$\mathrm{_{EC50}}$,CHEMBL204,0.7257306368536007,0.8375527738268557,0.8827081607822275,0.8534353333563701,0.7749698139858484,0.7276089717100775
GGAP-CPI-ATTL$\mathrm{_{EC50}}$,CHEMBL1871,0.7075119485096394,0.9490419985146347,0.7597163679316692,0.7425626510060025,0.5744287770350559,0.493406154907581
GGAP-CPI-ATTL$\mathrm{_{EC50}}$,CHEMBL4203,0.9016807496017685,1.19894233398299,0.5530500042887047,0.16671310447707122,0.2931075553854463,-0.3408154953323814
GGAP-CPI-ATTL$\mathrm{_{EC50}}$,CHEMBL4792,0.6760658727724411,0.7120658157252389,0.8235491649848979,0.8000215103396474,0.6711146084587478,0.6377067139967924
GGAP-CPI-ATTL$\mathrm{_{EC50}}$,CHEMBL2835,0.3195395576019359,0.5873245536648325,0.9468583507115497,0.7927826780633122,0.8929471846619301,0.6034726489303268
GGAP-CPI-ATTL$\mathrm{_{EC50}}$,CHEMBL2971,0.5853148230509637,0.6169410261681466,0.9075268614730795,0.8725605710540107,0.8235769245282972,0.7596490288822031
GGAP-CPI-ATTL$\mathrm{_{EC50}}$,CHEMBL238,0.7488540596976652,0.6329120817777234,0.7694189123097868,0.8112588961123709,0.5865333458052892,0.6488841428962997
GGAP-CPI-ATTL$\mathrm{_{EC50}}$,CHEMBL228,0.6441916419212389,0.6546988935513287,0.8436873379088938,0.8206557444868764,0.711206423041016,0.6725335250754791
GGAP-CPI-ATTL$\mathrm{_{EC50}}$,CHEMBL214,0.7158126751899266,0.8176409988335888,0.7772800606120104,0.7024162963037435,0.6037536822339364,0.48936072616362447
GGAP-CPI-ATTL$\mathrm{_{EC50}}$,CHEMBL4005,0.6415440651576563,0.7926026355358706,0.8140790552451106,0.711039734824699,0.6470423165323811,0.4696898542075775
GGAP-CPI-ATTL$\mathrm{_{EC50}}$,CHEMBL2147,0.6590485075222445,0.6938626550845514,0.9436924847213618,0.8918944480585975,0.8894150040285004,0.7940117606117917
GGAP-CPI-ATTL$\mathrm{_{EC50}}$,CHEMBL2034,0.6527460633274894,0.8236071573077365,0.7669075809766146,0.5734766040082745,0.5777158980147853,0.21305837737416466
GGAP-CPI-ATTL$\mathrm{_{EC50}}$,CHEMBL237,0.6722055710074117,0.7482978224843102,0.8668598920721514,0.8453129406166185,0.7503409578448103,0.7130127804957841
GGAP-CPI-ATTL$\mathrm{_{IC50}}$,CHEMBL264,0.6418138910959391,0.7065639933506788,0.8046618366227999,0.715408965823657,0.6464706766315862,0.5065018988755448
GGAP-CPI-ATTL$\mathrm{_{IC50}}$,CHEMBL1862,0.7119327489333092,0.648510245286128,0.8767059774054222,0.8547989422205552,0.7681560130397329,0.7286038904990867
GGAP-CPI-ATTL$\mathrm{_{IC50}}$,CHEMBL231,0.8053912828663385,0.9371606958490692,0.7933642258674474,0.7116735388803428,0.6225009788155035,0.42001716892749497
GGAP-CPI-ATTL$\mathrm{_{IC50}}$,CHEMBL287,0.7032892954698038,0.7715146395653989,0.7414928322384076,0.7242991047331282,0.5495203242655831,0.5226632019652432
GGAP-CPI-ATTL$\mathrm{_{IC50}}$,CHEMBL219,0.7334473237841038,0.7723783044403119,0.7308408391572592,0.6948699448733504,0.5340496020065657,0.47982326328123015
GGAP-CPI-ATTL$\mathrm{_{IC50}}$,CHEMBL236,0.6877049312716784,0.7839221485240376,0.859636269873501,0.7981669571324691,0.7364711531787351,0.6230968087584663
GGAP-CPI-ATTL$\mathrm{_{IC50}}$,CHEMBL234,0.6632769528163417,0.6798885476551484,0.8148096235508644,0.7644928507333375,0.658758631091908,0.5746661058113344
GGAP-CPI-ATTL$\mathrm{_{IC50}}$,CHEMBL244,0.7120882197050054,0.7605469079466728,0.8979812350549746,0.8698691681936835,0.8054102774151898,0.75470928464005
GGAP-CPI-ATTL$\mathrm{_{IC50}}$,CHEMBL233,0.7405143137093415,0.7890986383139831,0.8237696877879988,0.7978366899634576,0.6778863549640994,0.6334017055805696
GGAP-CPI-ATTL$\mathrm{_{IC50}}$,CHEMBL262,0.6498402574494125,0.6926510966464319,0.8091425495839838,0.7974123446068945,0.6488689379604917,0.6350575813875217
GGAP-CPI-ATTL$\mathrm{_{IC50}}$,CHEMBL204,0.7695501786692024,0.8837938824801143,0.8652687323733942,0.8348453186619678,0.7469748148688671,0.6967013907975645
GGAP-CPI-ATTL$\mathrm{_{IC50}}$,CHEMBL1871,0.6924588815004232,0.9264828864767181,0.7708642295231808,0.7337148262968121,0.5923450915500981,0.5172037941775337
GGAP-CPI-ATTL$\mathrm{_{IC50}}$,CHEMBL4203,0.8427795673669684,1.1304432519767351,0.6230531819808214,0.2609214352549206,0.38244486109329134,-0.1919827252099049
GGAP-CPI-ATTL$\mathrm{_{IC50}}$,CHEMBL4792,0.6689181237878377,0.6983463154588933,0.8242254801256449,0.8076065052757166,0.6780321689475344,0.6515329618837227
GGAP-CPI-ATTL$\mathrm{_{IC50}}$,CHEMBL2835,0.3567411184768185,0.6579055034162327,0.9314686788352725,0.7544999679301004,0.866569481652517,0.5024418174531777
GGAP-CPI-ATTL$\mathrm{_{IC50}}$,CHEMBL2971,0.5811343787476082,0.6776209942157428,0.9111111445808426,0.8488354696534739,0.8260880280379478,0.7100438770521662
GGAP-CPI-ATTL$\mathrm{_{IC50}}$,CHEMBL238,0.6408935512786459,0.7195655858214373,0.8405128746221991,0.7410681585489544,0.6971567375507292,0.5461582551239426
GGAP-CPI-ATTL$\mathrm{_{IC50}}$,CHEMBL228,0.6327296735075832,0.7020890137946579,0.8508490082494888,0.7896677023580336,0.7213918843250963,0.6234106920400098
GGAP-CPI-ATTL$\mathrm{_{IC50}}$,CHEMBL214,0.7002197368517462,0.7929457524316478,0.7893063238644829,0.7282649084692217,0.6208289540731324,0.5197406289403468
GGAP-CPI-ATTL$\mathrm{_{IC50}}$,CHEMBL4005,0.6577958131508577,0.777301191375259,0.7969221216631407,0.7140012897041832,0.6289333984578085,0.48996781979575244
GGAP-CPI-ATTL$\mathrm{_{IC50}}$,CHEMBL2147,0.6808825840479754,0.6642123059067457,0.9407041639073391,0.9018511111692883,0.8819663339714714,0.8112403195424086
GGAP-CPI-ATTL$\mathrm{_{IC50}}$,CHEMBL2034,0.6746697500444755,0.894955560433017,0.7533817600037355,0.5034547811545419,0.5488731401875412,0.07080848849259647
GGAP-CPI-ATTL$\mathrm{_{IC50}}$,CHEMBL237,0.6493857849412835,0.7095577842403352,0.8762814158889821,0.8624075190470367,0.7670039060029864,0.7419587533333051
